"項目","単位","1980_55","1981_56","1982_57","1983_58","1984_59","1985_60","1986_61","1987_62","1988_63","1989_1","1990_2","1991_3","1992_4","1993_5","1994_6","1995_7","1996_8","1997_9","1998_10","1999_11","2000_12","2001_13","2002_14","2003_15","2004_16","2005_17","2006_18","2007_19","2008_20","2009_21","有効数字(少数桁)"
"年齢別平均身長_男_幼稚園_5歳","cm","110.5","110.3","110.1","110.6","110.7","110.9","110.9","110.8","111.1","110.7","111.0","110.8","110.8","110.8","110.6","110.8","110.6","110.8","110.9","110.5","110.7","110.9","110.6","110.7","110.5","110.9","110.5","110.6","110.6","110.8","1.0"
"年齢別平均身長_男_小学校_6歳","cm","115.6","115.6","115.8","116.2","116.5","116.1","116.7","116.8","116.1","116.5","116.4","116.9","116.3","116.4","117.0","116.7","116.4","116.0","116.4","116.6","116.6","116.9","116.4","116.0","116.4","117.0","116.6","116.4","116.7","116.3","1.0"
"年齢別平均身長_男_小学校_7歳","cm","121.4","121.4","121.1","122.0","121.8","122.0","122.3","122.3","122.1","122.0","122.4","122.4","122.2","122.1","122.6","122.7","122.5","121.9","122.1","122.4","122.4","122.6","122.4","122.4","122.7","122.8","122.0","122.3","122.7","122.7","1.0"
"年齢別平均身長_男_小学校_8歳","cm","127.0","126.9","127.1","127.6","127.3","127.4","127.6","127.9","127.8","127.9","127.7","128.0","128.0","128.1","127.9","127.9","128.1","127.9","128.2","127.5","128.0","128.0","127.6","128.2","127.8","128.0","128.2","127.8","128.2","127.7","1.0"
"年齢別平均身長_男_小学校_9歳","cm","132.2","132.4","132.5","132.2","133.0","132.6","132.9","132.9","132.5","132.8","133.0","133.5","132.9","133.2","133.2","133.2","133.3","132.8","133.7","133.7","133.6","133.7","133.7","133.5","134.0","133.7","133.4","133.9","133.3","133.3","1.0"
"年齢別平均身長_男_小学校_10歳","cm","137.0","136.7","137.3","137.8","137.8","137.1","137.5","138.0","137.6","138.1","138.6","138.2","138.6","138.3","138.7","139.1","139.0","138.3","138.5","138.8","139.5","138.4","138.5","138.1","138.2","138.7","138.5","138.9","139.3","138.7","1.0"
"年齢別平均身長_男_小学校_11歳","cm","143.3","143.3","143.1","143.5","143.1","143.5","143.2","143.5","143.7","144.0","144.1","144.4","144.3","144.6","144.1","144.5","144.5","144.6","145.0","145.2","145.3","145.1","144.7","145.1","144.8","144.9","144.8","144.7","145.0","145.3","1.0"
"年齢別平均身長_男_中学校_12歳","cm","149.7","150.1","149.9","150.4","150.4","150.7","150.5","150.3","151.1","151.2","151.5","151.3","151.7","152.5","151.8","151.2","152.0","152.4","152.5","152.0","152.7","152.4","151.9","151.7","152.4","152.0","151.8","152.1","151.7","152.4","1.0"
"年齢別平均身長_男_中学校_13歳","cm","157.3","158.1","157.7","157.5","157.4","157.7","157.4","157.8","158.7","158.6","159.3","158.8","159.4","158.8","159.3","159.2","159.5","159.7","159.7","159.5","160.6","160.1","160.2","159.7","160.0","159.0","159.5","159.2","160.1","159.5","1.0"
"年齢別平均身長_男_中学校_14歳","cm","164.3","163.6","163.8","163.8","164.0","164.0","163.9","164.0","164.6","164.7","164.6","165.0","165.1","164.8","165.3","165.3","165.1","165.6","165.8","165.0","165.7","165.1","165.5","165.1","165.0","165.3","165.6","165.5","165.1","165.3","1.0"
"年齢別平均身長_男_高等学校_15歳","cm","167.5","168.4","167.2","167.6","167.1","167.7","167.6","168.3","167.9","168.0","168.5","168.6","168.7","168.4","168.2","168.3","168.5","168.5","168.6","168.4","168.7","168.3","168.6","168.4","168.2","168.8","168.2","168.4","167.3","167.4","1.0"
"年齢別平均身長_男_高等学校_16歳","cm","169.5","169.2","169.6","169.1","169.5","169.8","170.3","169.5","169.6","169.9","169.8","169.9","169.5","169.5","170.4","170.1","170.4","170.0","170.6","169.7","170.3","170.3","170.1","169.8","169.5","169.7","170.0","169.4","169.8","169.7","1.0"
"年齢別平均身長_男_高等学校_17歳","cm","170.3","170.4","170.1","170.2","170.4","170.5","170.4","171.1","171.0","171.1","170.8","170.3","170.7","171.1","171.5","170.6","171.3","171.4","171.1","170.7","170.4","170.8","171.0","170.9","170.9","171.1","171.1","170.7","170.8","170.7","1.0"
"","","","","","","","","","","","","","","","","","","","","","","","","","","","","","","","",""
"年齢別平均身長_女_幼稚園_5歳","cm","109.3","109.6","109.3","109.9","109.8","109.8","110.0","110.3","110.1","109.8","110.0","110.2","110.0","109.9","109.5","109.9","109.9","110.1","110.0","109.6","109.9","109.9","109.9","109.7","110.2","109.8","110.2","109.7","109.5","109.7","1.0"
"年齢別平均身長_女_小学校_6歳","cm","115.1","115.1","115.4","115.3","115.0","115.4","115.5","115.8","115.7","115.5","115.9","116.1","116.0","115.9","115.9","115.8","115.9","115.8","116.0","115.6","115.7","115.2","115.8","115.2","115.6","115.6","115.2","115.8","116.1","115.8","1.0"
"年齢別平均身長_女_小学校_7歳","cm","120.5","120.6","120.8","121.1","121.1","120.9","121.2","121.5","120.8","122.0","121.8","122.0","121.7","121.9","121.6","121.4","121.6","121.7","122.0","121.4","121.7","121.2","121.1","121.3","121.6","121.5","121.5","122.1","121.3","121.3","1.0"
"年齢別平均身長_女_小学校_8歳","cm","126.2","126.2","126.4","127.0","126.9","126.8","126.8","127.2","126.8","126.9","127.2","127.1","127.2","127.4","127.2","127.6","127.1","127.6","127.8","127.8","127.8","127.2","127.1","127.1","126.9","126.9","127.4","127.2","126.9","127.4","1.0"
"年齢別平均身長_女_小学校_9歳","cm","131.5","131.8","132.4","132.3","132.4","132.3","132.8","132.4","132.0","132.9","133.3","133.1","133.0","133.3","133.1","133.7","133.7","133.1","133.7","133.6","133.8","133.9","133.1","132.8","133.7","133.7","133.4","132.9","133.4","133.4","1.0"
"年齢別平均身長_女_小学校_10歳","cm","138.5","139.0","139.0","137.9","138.7","138.1","138.5","139.2","139.5","139.7","139.2","139.8","139.8","139.9","140.1","140.4","140.1","140.4","140.4","140.1","139.7","140.2","140.0","139.5","140.1","140.4","140.0","140.3","139.8","139.8","1.0"
"年齢別平均身長_女_小学校_11歳","cm","145.6","145.4","145.2","145.7","145.5","145.8","145.7","145.6","145.8","145.6","146.8","146.1","146.9","146.6","146.2","147.3","147.1","146.8","146.3","146.8","146.5","147.2","146.8","146.3","146.5","147.1","147.2","147.4","147.0","146.6","1.0"
"年齢別平均身長_女_中学校_12歳","cm","150.9","151.0","150.8","150.9","150.8","151.3","151.1","151.1","151.0","151.4","151.6","151.6","151.6","151.6","152.3","152.0","151.9","152.3","151.9","151.8","152.2","152.6","151.9","151.8","151.9","151.5","151.3","151.7","152.2","151.5","1.0"
"年齢別平均身長_女_中学校_13歳","cm","154.2","154.1","154.5","154.6","154.4","154.3","154.6","154.6","154.8","154.4","154.8","155.2","154.8","154.9","155.1","155.6","155.3","155.0","155.2","155.1","155.3","154.9","155.7","155.1","155.2","155.3","155.2","154.7","155.2","154.5","1.0"
"年齢別平均身長_女_中学校_14歳","cm","156.1","156.0","155.9","156.5","156.8","156.8","156.4","156.4","156.7","156.8","156.3","156.6","156.9","156.8","156.9","156.6","156.9","157.2","156.6","156.8","156.7","156.5","156.7","157.0","156.7","156.4","156.6","156.7","156.4","156.8","1.0"
"年齢別平均身長_女_高等学校_15歳","cm","156.9","156.8","156.7","156.8","157.0","157.2","156.8","157.5","157.3","157.2","157.5","157.1","157.2","157.3","157.1","157.0","157.3","157.1","157.1","157.3","157.2","157.2","157.0","157.5","157.2","157.2","156.9","157.9","156.4","156.4","1.0"
"年齢別平均身長_女_高等学校_16歳","cm","157.2","157.2","157.1","157.5","157.4","157.6","157.6","157.4","157.9","157.9","157.8","157.4","157.8","157.4","157.8","157.5","158.4","158.3","158.2","157.5","157.5","157.7","158.2","157.9","157.3","158.0","157.9","158.1","157.2","157.7","1.0"
"年齢別平均身長_女_高等学校_17歳","cm","157.4","157.2","157.1","157.3","157.9","158.1","157.7","158.3","158.0","158.5","158.1","157.9","158.3","158.4","158.0","158.5","158.5","158.3","157.9","157.9","158.4","158.0","157.8","157.6","158.0","157.8","158.6","158.2","157.5","157.6","1.0"
"","kg","","","","","","","","","","","","","","","","","","","","","","","","","","","","","","",""
"","","","","","","","","","","","","","","","","","","","","","","","","","","","","","","","",""
"年齢別平均体重_男_幼稚園_5歳","kg","19.1","18.8","18.9","18.9","19.0","19.0","19.1","19.2","19.1","19.3","19.3","19.2","19.3","19.3","19.2","19.3","19.1","19.2","19.3","18.9","19.2","19.3","19.2","19.3","18.8","19.0","18.8","18.7","18.9","19.1","1.0"
"年齢別平均体重_男_小学校_6歳","kg","20.6","20.6","20.8","20.9","21.2","20.8","21.4","21.5","21.4","21.3","21.2","21.5","21.3","21.4","21.8","21.8","21.4","21.4","21.4","21.6","21.6","21.8","21.6","21.4","21.5","21.8","21.5","21.5","21.6","21.3","1.0"
"年齢別平均体重_男_小学校_7歳","kg","23.2","23.1","23.3","23.5","23.7","23.6","23.9","23.8","23.8","23.8","24.0","24.0","23.9","24.0","24.0","24.3","24.4","24.2","24.3","24.3","24.4","24.7","24.2","24.4","24.3","24.4","23.9","24.1","24.4","24.1","1.0"
"年齢別平均体重_男_小学校_8歳","kg","25.6","25.8","26.2","26.4","26.3","26.5","26.4","26.9","26.5","27.0","26.9","27.2","27.4","27.3","27.3","27.4","27.5","27.3","27.7","27.1","27.7","27.6","27.6","27.5","26.9","27.6","27.7","27.2","27.5","26.7","1.0"
"年齢別平均体重_男_小学校_9歳","kg","18.9","28.8","29.2","29.0","29.2","29.1","29.5","29.8","29.9","30.0","30.0","30.8","30.1","30.4","30.3","30.6","30.9","30.3","31.3","31.0","31.4","31.3","31.2","31.1","31.5","30.9","30.9","31.1","30.2","30.6","1.0"
"年齢別平均体重_男_小学校_10歳","kg","32.0","31.6","32.0","32.8","33.1","32.2","32.6","32.8","33.4","33.8","34.5","34.0","34.1","34.2","34.3","34.4","34.9","34.2","34.2","34.4","35.8","34.6","34.2","34.3","34.2","34.9","34.5","34.5","34.9","33.5","1.0"
"年齢別平均体重_男_小学校_11歳","kg","36.2","36.3","36.1","36.7","36.4","37.0","36.9","37.2","37.1","37.8","38.5","38.2","37.7","38.6","37.9","38.3","38.6","39.2","39.1","39.4","39.7","39.2","39.1","39.9","39.4","38.1","38.8","38.9","38.8","38.3","1.0"
"年齢別平均体重_男_中学校_12歳","kg","41.1","41.2","41.7","42.1","41.9","42.5","42.8","42.6","43.0","43.5","44.2","43.9","44.6","45.1","44.1","43.7","43.9","44.6","45.0","45.2","45.6","45.3","44.9","45.2","45.3","44.8","44.7","44.3","43.9","44.6","1.0"
"年齢別平均体重_男_中学校_13歳","kg","47.0","47.7","47.3","47.3","47.4","47.1","47.7","47.8","48.6","49.1","49.5","48.9","49.7","49.6","49.1","50.2","50.1","50.1","50.7","50.1","51.5","51.3","51.3","50.5","51.0","50.1","50.3","48.9","50.6","49.5","1.0"
"年齢別平均体重_男_中学校_14歳","kg","54.0","52.2","53.2","53.2","52.7","52.8","53.6","53.3","53.4","54.5","54.2","54.7","55.2","54.4","54.3","55.1","55.0","55.8","55.6","55.1","56.2","55.7","56.2","55.1","55.3","55.6","56.0","54.9","55.2","55.1","1.0"
"年齢別平均体重_男_高等学校_15歳","kg","57.3","57.9","57.1","57.8","57.4","58.3","58.1","58.7","58.0","58.9","59.6","59.7","60.0","59.7","59.5","59.4","59.6","60.1","59.9","60.2","60.1","60.0","60.9","60.5","60.0","60.6","60.7","60.7","59.6","58.8","1.0"
"年齢別平均体重_男_高等学校_16歳","kg","59.9","58.9","60.2","58.6","60.2","60.3","61.1","59.7","60.0","60.0","60.3","60.2","60.8","60.8","61.2","60.8","60.9","61.1","61.8","60.2","61.3","62.0","62.2","62.3","62.3","61.9","62.6","61.9","61.1","61.7","1.0"
"年齢別平均体重_男_高等学校_17歳","kg","61.0","61.2","60.9","61.4","61.5","61.9","60.8","61.4","61.8","61.4","61.9","61.4","62.1","62.9","62.9","63.0","62.9","62.9","62.5","63.3","61.8","62.9","64.1","64.1","63.4","63.9","64.7","63.7","64.2","62.8","1.0"
"","","","","","","","","","","","","","","","","","","","","","","","","","","","","","","","",""
"年齢別平均体重_女_幼稚園_5歳","kg","18.4","18.5","18.3","18.6","18.5","18.5","18.7","19.0","18.8","19.0","18.9","19.0","18.8","19.0","18.7","18.8","18.9","18.8","18.8","18.5","19.0","18.9","18.8","18.7","18.6","18.6","18.8","18.5","18.4","18.4","1.0"
"年齢別平均体重_女_小学校_6歳","kg","20.3","20.4","20.6","20.6","20.3","20.6","20.7","20.9","20.9","20.7","20.9","21.1","21.2","21.1","21.0","21.3","21.3","21.2","21.0","21.0","20.9","20.9","21.1","20.6","21.0","20.9","20.6","21.1","21.3","21.1","1.0"
"年齢別平均体重_女_小学校_7歳","kg","22.6","22.5","22.6","22.9","23.0","22.9","23.0","23.2","23.3","23.9","23.6","23.8","23.5","23.9","23.5","23.6","23.8","23.8","23.8","23.4","23.8","23.5","23.3","23.8","23.5","23.3","23.3","23.8","23.6","23.3","1.0"
"年齢別平均体重_女_小学校_8歳","kg","25.4","25.3","25.5","25.5","26.1","25.8","25.7","26.5","26.4","26.4","26.5","26.5","26.7","26.8","26.5","27.0","26.7","26.9","27.1","27.2","27.1","27.1","26.7","26.6","26.5","26.4","26.5","26.7","26.6","26.4","1.0"
"年齢別平均体重_女_小学校_9歳","kg","28.2","28.6","28.7","28.7","29.1","29.0","29.3","29.2","29.2","29.7","30.0","29.9","30.1","30.5","30.0","30.4","30.8","30.2","30.7","31.3","30.8","30.9","30.4","30.1","30.7","30.4","29.8","30.0","30.4","30.0","1.0"
"年齢別平均体重_女_小学校_10歳","kg","32.8","33.0","33.4","32.6","33.0","32.5","33.1","33.8","34.1","34.8","33.5","34.2","34.2","35.0","34.5","35.2","35.0","34.9","34.9","34.8","34.8","35.2","34.7","34.2","34.5","35.0","34.1","34.8","34.0","33.9","1.0"
"年齢別平均体重_女_小学校_11歳","kg","37.9","37.1","37.6","38.1","37.9","38.1","38.1","38.3","38.9","38.4","40.1","39.3","39.7","39.4","39.3","40.1","40.3","39.9","39.6","39.8","39.6","40.3","40.0","39.2","39.5","39.7","39.5","39.9","39.9","38.9","1.0"
"年齢別平均体重_女_中学校_12歳","kg","43.3","43.2","42.9","42.8","43.0","43.1","43.4","43.6","43.7","44.3","44.0","43.9","44.2","44.4","45.3","45.0","44.8","44.9","45.0","44.5","45.5","45.3","44.9","45.4","44.6","44.3","43.2","43.9","45.3","43.4","1.0"
"年齢別平均体重_女_中学校_13歳","kg","46.9","46.8","46.8","46.6","47.0","46.7","47.2","47.2","47.0","47.0","47.4","47.4","47.5","47.9","48.1","48.1","48.2","47.7","47.8","48.2","48.1","48.0","48.7","48.2","48.6","47.5","48.0","47.4","47.9","47.0","1.0"
"年齢別平均体重_女_中学校_14歳","kg","49.7","49.2","49.9","49.3","50.3","50.2","50.0","49.7","49.8","50.4","49.9","50.2","50.1","50.1","50.8","50.4","50.4","50.4","50.5","50.8","50.7","50.2","50.6","51.2","50.3","50.9","50.4","50.4","49.8","50.6","1.0"
"年齢別平均体重_女_高等学校_15歳","kg","51.4","51.4","51.8","51.9","51.6","52.4","52.0","52.5","52.1","52.0","51.8","52.2","51.9","52.3","52.2","51.4","52.3","51.3","52.5","51.8","52.9","52.1","52.7","52.3","53.1","53.3","52.5","51.9","51.6","51.3","1.0"
"年齢別平均体重_女_高等学校_16歳","kg","51.6","52.2","52.1","52.7","52.1","52.6","52.0","53.3","52.4","52.8","52.9","52.4","52.8","53.0","53.4","52.3","53.3","53.4","53.6","52.7","52.7","53.2","54.5","53.5","52.9","53.7","54.4","52.9","53.0","52.8","1.0"
"年齢別平均体重_女_高等学校_17歳","kg","52.8","51.9","52.7","52.5","52.8","53.1","52.8","53.1","52.5","52.6","52.7","52.7","52.6","53.2","53.5","53.2","52.8","53.0","52.9","52.6","54.1","53.4","52.6","53.7","53.3","53.4","54.8","52.9","54.3","52.4","1.0"
"","cm","","","","","","","","","","","","","","","","","","","","","","","","","","","","","","",""
"","","","","","","","","","","","","","","","","","","","","","","","","","","","","","","","",""
"年齢別平均座高_男_幼稚園_5歳","cm","62.5","62.1","62.1","62.5","62.8","62.6","62.7","62.7","62.6","62.5","62.7","62.4","62.4","62.8","62.7","62.7","62.1","62.3","62.4","62.1","62.3","62.6","62.1","61.9","62.1","62.0","61.5","61.9","61.8","61.8","1.0"
"年齢別平均座高_男_小学校_6歳","cm","64.8","64.8","64.7","65.0","65.3","65.1","65.4","65.4","65.1","65.3","65.2","65.4","65.1","65.3","65.4","65.2","65.1","65.0","65.1","64.9","65.2","65.2","64.8","64.6","65.0","65.2","64.9","64.9","65.1","64.7","1.0"
"年齢別平均座高_男__7歳","cm","67.6","67.5","67.3","67.8","67.7","67.8","67.9","67.8","67.8","67.8","68.0","68.1","67.8","67.8","68.0","67.9","67.8","67.6","67.7","67.7","67.7","67.8","67.6","67.6","67.8","68.0","67.5","67.7","67.9","67.6","1.0"
"年齢別平均座高_男__8歳","cm","70.1","69.9","70.1","70.1","70.1","70.2","70.3","70.2","70.4","70.4","70.4","70.4","70.5","70.5","70.4","70.3","70.5","70.5","70.5","70.1","70.4","70.3","70.1","70.3","70.3","70.3","70.3","70.3","70.4","70.0","1.0"
"年齢別平均座高_男__9歳","cm","72.3","72.2","72.4","72.3","72.5","72.2","72.4","72.4","72.4","72.6","72.5","73.0","72.7","72.8","72.6","72.8","72.9","72.6","73.0","73.0","72.8","73.0","73.0","72.7","73.1","72.9","72.7","73.3","72.7","72.6","1.0"
"年齢別平均座高_男__10歳","cm","74.2","74.0","74.2","74.5","74.5","74.3","74.5","74.6","74.5","75.0","75.4","75.1","75.1","75.0","75.0","75.3","75.4","75.1","75.1","75.2","75.5","75.0","75.1","74.7","74.8","75.1","74.9","75.1","75.6","74.8","1.0"
"年齢別平均座高_男__11歳","cm","76.9","76.9","76.6","76.9","76.9","77.0","76.9","76.8","77.3","77.4","77.5","77.7","77.5","77.7","77.5","77.6","77.6","77.8","77.8","78.0","78.0","77.9","77.8","77.8","77.9","77.6","77.6","77.6","77.8","77.8","1.0"
"年齢別平均座高_男_中学校_12歳","cm","80.1","80.2","80.0","80.3","80.2","80.5","80.4","80.4","80.8","80.8","81.2","80.8","81.0","71.4","81.0","80.9","81.1","81.3","81.7","81.3","81.7","81.6","81.3","80.8","81.4","81.5","80.8","81.4","81.3","81.5","1.0"
"年齢別平均座高_男__13歳","cm","83.6","84.1","83.9","83.7","83.6","83.9","83.6","84.0","84.6","84.4","84.6","84.4","84.6","84.0","84.7","84.7","84.7","84.8","85.1","85.0","85.4","85.2","85.6","84.8","85.2","84.4","84.5","84.9","85.2","85.0","1.0"
"年齢別平均座高_男__14歳","cm","87.4","87.1","87.1","87.1","87.0","87.3","87.3","87.3","87.5","87.6","87.6","87.6","87.6","87.4","87.7","87.9","87.6","87.9","88.3","88.0","88.2","88.1","88.3","87.6","88.0","88.0","88.2","88.3","88.2","88.3","1.0"
"年齢別平均座高_男_高等学校_15歳","cm","89.5","90.0","89.5","89.4","89.5","89.7","89.9","90.2","89.9","89.9","90.3","90.2","90.5","90.2","89.9","89.9","90.3","90.0","90.1","90.2","90.4","90.3","90.3","90.2","90.3","90.6","90.4","90.4","90.2","89.9","1.0"
"年齢別平均座高_男__16歳","cm","90.7","90.5","90.6","90.5","90.7","90.9","91.2","90.7","90.8","90.8","91.1","91.0","90.9","90.6","91.0","90.9","90.9","90.7","91.1","90.8","91.2","91.3","91.2","91.4","91.1","91.2","91.1","91.3","91.5","91.1","1.0"
"年齢別平均座高_男__17歳","cm","91.0","91.2","91.1","91.3","91.1","91.3","91.5","91.5","91.6","91.3","91.4","91.3","91.3","91.7","91.6","91.3","91.6","91.5","91.5","91.4","91.3","91.8","92.0","91.8","91.9","91.9","92.0","91.8","92.1","92.0","1.0"
"","","","","","","","","","","","","","","","","","","","","","","","","","","","","","","","",""
"年齢別平均座高_女_幼稚園_5歳","cm","61.9","61.8","61.6","61.8","62.2","61.9","62.4","62.4","62.1","62.2","62.1","62.1","61.9","62.3","62.2","62.2","61.9","61.9","61.7","61.6","61.8","61.8","61.9","61.4","61.9","61.4","61.5","61.3","61.5","61.7","1.0"
"年齢別平均座高_女_小学校_6歳","cm","64.6","64.6","64.6","64.6","64.4","64.8","64.8","64.9","65.0","64.9","65.0","65.1","65.1","64.9","64.8","64.9","64.9","64.9","64.8","64.5","64.6","64.4","64.5","64.2","64.6","64.7","64.4","64.8","65.0","64.6","1.0"
"年齢別平均座高_女_小学校_7歳","cm","67.2","67.1","67.1","67.3","67.4","67.1","67.3","67.4","67.2","67.8","67.7","67.9","67.5","67.7","67.4","67.5","67.6","67.6","67.6","67.2","67.5","67.2","67.1","67.3","67.5","67.3","67.3","67.6","67.2","67.2","1.0"
"年齢別平均座高_女_小学校_8歳","cm","69.6","69.6","69.8","69.9","70.0","69.7","69.9","70.1","69.9","69.8","70.1","70.2","70.1","70.2","70.2","70.3","70.0","70.2","70.4","70.2","70.3","70.2","70.0","70.1","69.9","69.9","70.2","70.1","69.8","69.9","1.0"
"年齢別平均座高_女_小学校_9歳","cm","71.8","72.0","72.3","72.2","72.3","72.3","72.4","72.2","72.2","72.5","72.8","73.0","72.8","73.0","72.8","73.2","73.2","73.0","73.3","73.1","73.2","73.2","72.8","72.7","73.1","72.9","72.8","72.7","72.8","72.6","1.0"
"年齢別平均座高_女_小学校_10歳","cm","75.1","75.4","75.4","74.9","75.3","75.0","75.3","75.4","75.7","75.6","75.6","76.0","76.0","76.0","76.1","76.3","76.3","76.3","76.3","76.0","75.9","76.1","75.9","75.7","76.1","76.0","76.0","76.1","75.9","75.7","1.0"
"年齢別平均座高_女_小学校_11歳","cm","78.5","78.5","78.4","78.8","78.6","78.7","78.8","78.7","78.7","78.7","79.5","79.2","79.4","79.4","79.3","79.8","79.6","79.7","79.3","79.5","79.3","79.7","79.3","79.0","79.6","79.5","79.5","79.7","79.8","79.2","1.0"
"年齢別平均座高_女_中学校_12歳","cm","82.0","82.0","81.8","81.9","81.9","82.1","81.9","81.9","82.0","82.1","82.4","82.2","82.3","82.0","82.8","82.8","82.5","82.5","82.7","82.2","82.5","82.8","82.3","82.2","82.1","82.1","81.8","82.2","82.2","82.0","1.0"
"年齢別平均座高_女_中学校_13歳","cm","83.6","83.8","83.9","83.9","83.7","83.7","83.7","83.7","83.9","83.8","83.8","84.0","83.9","83.7","84.0","84.3","84.2","83.9","84.1","83.9","84.0","83.7","84.2","83.8","83.9","83.9","83.9","83.8","84.0","83.9","1.0"
"年齢別平均座高_女_中学校_14歳","cm","84.8","84.8","84.8","84.6","84.9","85.0","84.8","84.8","85.0","85.1","84.9","84.8","84.8","84.8","84.8","84.9","84.9","84.9","84.9","84.9","84.9","84.8","84.7","85.1","84.8","84.8","85.0","84.9","84.8","85.1","1.0"
"年齢別平均座高_女_高等学校_15歳","cm","85.6","85.6","85.7","85.7","85.6","85.8","85.6","85.9","85.6","85.7","85.9","85.8","85.8","85.7","85.5","85.4","85.5","85.3","85.5","85.5","85.3","85.5","85.5","85.7","85.6","85.5","85.5","85.8","85.2","85.0","1.0"
"年齢別平均座高_女_高等学校_16歳","cm","85.8","85.7","85.7","86.1","85.8","86.0","85.7","86.0","85.8","85.8","86.1","85.9","86.0","85.6","85.6","85.3","85.9","85.8","85.7","85.2","85.5","85.6","85.8","85.9","85.5","85.8","85.7","85.8","85.8","85.8","1.0"
"年齢別平均座高_女_高等学校_17歳","cm","85.8","85.7","85.7","85.7","86.0","85.9","85.9","86.1","85.9","85.8","86.0","86.0","85.9","86.2","85.8","85.7","85.5","85.6","85.5","85.5","85.8","85.8","85.6","85.6","85.7","85.6","86.1","86.0","86.0","86.0","1.0"
"","","","","","","","","","","","","","","","","","","","","","","","","","","","","","","","",""
"","","","","","","","","","","","","","","","","","","","","","","","","","","","","","","","",""
"","","","","","","","","","","","","","","","","","","","","","","","","","","","","","","","",""
"年齢別疾病・異常被患率等_男女計_裸眼視力0.3未満_幼稚園_5歳","％","","","","","","","","","","","","","","","","","","","","","","","","","","","X","X","X","X","1.0"
"年齢別疾病・異常被患率等_男女計_裸眼視力0.3未満_小学校_6歳","％","","","","","","","","","","","","","","","","","","","","","","","","","","","0.7","1.2","0.9","1.3","1.0"
"年齢別疾病・異常被患率等_男女計_裸眼視力0.3未満_小学校_7歳","％","","","","","","","","","","","","","","","","","","","","","","","","","","","2.0","1.9","2.5","2.8","1.0"
"年齢別疾病・異常被患率等_男女計_裸眼視力0.3未満_小学校_8歳","％","","","","","","","","","","","","","","","","","","","","","","","","","","","2.7","5.0","4.9","5.2","1.0"
"年齢別疾病・異常被患率等_男女計_裸眼視力0.3未満_小学校_9歳","％","","","","","","","","","","","","","","","","","","","","","","","","","","","7.1","5.6","6.6","8.5","1.0"
"年齢別疾病・異常被患率等_男女計_裸眼視力0.3未満_小学校_10歳","％","","","","","","","","","","","","","","","","","","","","","","","","","","","9.9","7.7","8.5","10.4","1.0"
"年齢別疾病・異常被患率等_男女計_裸眼視力0.3未満_小学校_11歳","％","","","","","","","","","","","","","","","","","","","","","","","","","","","13.3","12.0","12.1","15.2","1.0"
"年齢別疾病・異常被患率等_男女計_裸眼視力0.3未満_中学校_12歳","％","","","","","","","","","","","","","","","","","","","","","","","","","","","15.3","163.0","16.6","19.4","1.0"
"年齢別疾病・異常被患率等_男女計_裸眼視力0.3未満_中学校_13歳","％","","","","","","","","","","","","","","","","","","","","","","","","","","","21.7","21.1","22.0","24.4","1.0"
"年齢別疾病・異常被患率等_男女計_裸眼視力0.3未満_中学校_14歳","％","","","","","","","","","","","","","","","","","","","","","","","","","","","21.2","18.9","25.0","21.0","1.0"
"年齢別疾病・異常被患率等_男女計_裸眼視力0.3未満_高等学校_15歳","％","","","","","","","","","","","","","","","","","","","","","","","","","","","29.0","X","X","X","1.0"
"年齢別疾病・異常被患率等_男女計_裸眼視力0.3未満_高等学校_16歳","％","","","","","","","","","","","","","","","","","","","","","","","","","","","X","X","X","X","1.0"
"年齢別疾病・異常被患率等_男女計_裸眼視力0.3未満_高等学校_17歳","％","","","","","","","","","","","","","","","","","","","","","","","","","","","X","X","46.8","X","1.0"
"","","","","","","","","","","","","","","","","","","","","","","","","","","","","","","","",""
"年齢別疾病・異常被患率等_男女計_裸眼視力0.3以上0.7未満_幼稚園_5歳","％","","","","","","","","","","","","","","","","","","","","","","","","","","","X","X","X","X","1.0"
"年齢別疾病・異常被患率等_男女計_裸眼視力0.3以上0.7未満_小学校_6歳","％","","","","","","","","","","","","","","","","","","","","","","","","","","","5.3","4.9","5.5","4.9","1.0"
"年齢別疾病・異常被患率等_男女計_裸眼視力0.3以上0.7未満_小学校_7歳","％","","","","","","","","","","","","","","","","","","","","","","","","","","","6.3","6.6","5.3","6.6","1.0"
"年齢別疾病・異常被患率等_男女計_裸眼視力0.3以上0.7未満_小学校_8歳","％","","","","","","","","","","","","","","","","","","","","","","","","","","","10.4","9.1","8.9","9.8","1.0"
"年齢別疾病・異常被患率等_男女計_裸眼視力0.3以上0.7未満_小学校_9歳","％","","","","","","","","","","","","","","","","","","","","","","","","","","","11.4","12.2","10.0","13.2","1.0"
"年齢別疾病・異常被患率等_男女計_裸眼視力0.3以上0.7未満_小学校_10歳","％","","","","","","","","","","","","","","","","","","","","","","","","","","","15.1","14.6","14.6","16.0","1.0"
"年齢別疾病・異常被患率等_男女計_裸眼視力0.3以上0.7未満_小学校_11歳","％","","","","","","","","","","","","","","","","","","","","","","","","","","","16.6","15.7","15.8","17.5","1.0"
"年齢別疾病・異常被患率等_男女計_裸眼視力0.3以上0.7未満_中学校_12歳","％","","","","","","","","","","","","","","","","","","","","","","","","","","","17.1","17.0","16.6","20.3","1.0"
"年齢別疾病・異常被患率等_男女計_裸眼視力0.3以上0.7未満_中学校_13歳","％","","","","","","","","","","","","","","","","","","","","","","","","","","","18.2","17.2","20.2","19.9","1.0"
"年齢別疾病・異常被患率等_男女計_裸眼視力0.3以上0.7未満_中学校_14歳","％","","","","","","","","","","","","","","","","","","","","","","","","","","","20.2","16.7","25.0","21.0","1.0"
"年齢別疾病・異常被患率等_男女計_裸眼視力0.3以上0.7未満_高等学校_15歳","％","","","","","","","","","","","","","","","","","","","","","","","","","","","18.7","X","X","X","1.0"
"年齢別疾病・異常被患率等_男女計_裸眼視力0.3以上0.7未満_高等学校_16歳","％","","","","","","","","","","","","","","","","","","","","","","","","","","","X","X","X","X","1.0"
"年齢別疾病・異常被患率等_男女計_裸眼視力0.3以上0.7未満_高等学校_17歳","％","","","","","","","","","","","","","","","","","","","","","","","","","","","X","X","18.5","X","1.0"
"","","","","","","","","","","","","","","","","","","","","","","","","","","","","","","","",""
"年齢別疾病・異常被患率等_男女計_裸眼視力0.7以上1.0未満_幼稚園_5歳","％","","","","","","","","","","","","","","","","","","","","","","","","","","","X","X","X","X","1.0"
"年齢別疾病・異常被患率等_男女計_裸眼視力0.7以上1.0未満_小学校_6歳","％","","","","","","","","","","","","","","","","","","","","","","","","","","","10.9","12.4","23.4","13.9","1.0"
"年齢別疾病・異常被患率等_男女計_裸眼視力0.7以上1.0未満_小学校_7歳","％","","","","","","","","","","","","","","","","","","","","","","","","","","","8.9","8.8","17.8","15.2","1.0"
"年齢別疾病・異常被患率等_男女計_裸眼視力0.7以上1.0未満_小学校_8歳","％","","","","","","","","","","","","","","","","","","","","","","","","","","","8.3","6.8","15.1","13.6","1.0"
"年齢別疾病・異常被患率等_男女計_裸眼視力0.7以上1.0未満_小学校_9歳","％","","","","","","","","","","","","","","","","","","","","","","","","","","","10.9","8.5","14.8","16.4","1.0"
"年齢別疾病・異常被患率等_男女計_裸眼視力0.7以上1.0未満_小学校_10歳","％","","","","","","","","","","","","","","","","","","","","","","","","","","","11.3","8.3","15.6","13.9","1.0"
"年齢別疾病・異常被患率等_男女計_裸眼視力0.7以上1.0未満_小学校_11歳","％","","","","","","","","","","","","","","","","","","","","","","","","","","","8.9","8.6","14.5","13.7","1.0"
"年齢別疾病・異常被患率等_男女計_裸眼視力0.7以上1.0未満_中学校_12歳","％","","","","","","","","","","","","","","","","","","","","","","","","","","","11.3","11.5","10.9","15.9","1.0"
"年齢別疾病・異常被患率等_男女計_裸眼視力0.7以上1.0未満_中学校_13歳","％","","","","","","","","","","","","","","","","","","","","","","","","","","","12.5","12.0","11.2","15.1","1.0"
"年齢別疾病・異常被患率等_男女計_裸眼視力0.7以上1.0未満_中学校_14歳","％","","","","","","","","","","","","","","","","","","","","","","","","","","","8.8","12.5","11.7","16.2","1.0"
"年齢別疾病・異常被患率等_男女計_裸眼視力0.7以上1.0未満_高等学校_15歳","％","","","","","","","","","","","","","","","","","","","","","","","","","","","11.1","X","X","X","1.0"
"年齢別疾病・異常被患率等_男女計_裸眼視力0.7以上1.0未満_高等学校_16歳","％","","","","","","","","","","","","","","","","","","","","","","","","","","","X","X","X","X","1.0"
"年齢別疾病・異常被患率等_男女計_裸眼視力0.7以上1.0未満_高等学校_17歳","％","","","","","","","","","","","","","","","","","","","","","","","","","","","X","X","6.5","X","1.0"
"","","","","","","","","","","","","","","","","","","","","","","","","","","","","","","","",""
"年齢別疾病・異常被患率等_男女計_眼の疾病・異常_幼稚園_5歳","％","","","","","","","","","","","","","","","","","","","","","","","","","","","4.1","4.2","2.5","5.4","1.0"
"年齢別疾病・異常被患率等_男女計_眼の疾病・異常_小学校_6歳","％","","","","","","","","","","","","","","","","","","","","","","","","","","","5.5","4.4","9.0","7.3","1.0"
"年齢別疾病・異常被患率等_男女計_眼の疾病・異常_小学校_7歳","％","","","","","","","","","","","","","","","","","","","","","","","","","","","6.7","5.1","7.4","8.7","1.0"
"年齢別疾病・異常被患率等_男女計_眼の疾病・異常_小学校_8歳","％","","","","","","","","","","","","","","","","","","","","","","","","","","","6.0","5.7","7.7","7.4","1.0"
"年齢別疾病・異常被患率等_男女計_眼の疾病・異常_小学校_9歳","％","","","","","","","","","","","","","","","","","","","","","","","","","","","7.4","5.6","8.8","10.2","1.0"
"年齢別疾病・異常被患率等_男女計_眼の疾病・異常_小学校_10歳","％","","","","","","","","","","","","","","","","","","","","","","","","","","","8.5","6.0","7.8","8.0","1.0"
"年齢別疾病・異常被患率等_男女計_眼の疾病・異常_小学校_11歳","％","","","","","","","","","","","","","","","","","","","","","","","","","","","8.1","5.1","7.2","8.3","1.0"
"年齢別疾病・異常被患率等_男女計_眼の疾病・異常_中学校_12歳","％","","","","","","","","","","","","","","","","","","","","","","","","","","","6.2","8.2","11.5","7.2","1.0"
"年齢別疾病・異常被患率等_男女計_眼の疾病・異常_中学校_13歳","％","","","","","","","","","","","","","","","","","","","","","","","","","","","5.8","8.1","10.0","6.7","1.0"
"年齢別疾病・異常被患率等_男女計_眼の疾病・異常_中学校_14歳","％","","","","","","","","","","","","","","","","","","","","","","","","","","","4.9","6.7","9.6","6.6","1.0"
"年齢別疾病・異常被患率等_男女計_眼の疾病・異常_高等学校_15歳","％","","","","","","","","","","","","","","","","","","","","","","","","","","","2.3","2.7","8.8","5.0","1.0"
"年齢別疾病・異常被患率等_男女計_眼の疾病・異常_高等学校_16歳","％","","","","","","","","","","","","","","","","","","","","","","","","","","","2.5","3.5","8.4","5.3","1.0"
"年齢別疾病・異常被患率等_男女計_眼の疾病・異常_高等学校_17歳","％","","","","","","","","","","","","","","","","","","","","","","","","","","","2.3","3.3","8.2","6.1","1.0"
"","","","","","","","","","","","","","","","","","","","","","","","","","","","","","","","",""
"年齢別疾病・異常被患率等_男女計_難聴_幼稚園_5歳","％","","","","","","","","","","","","","","","","","","","","","","","","","","","…","…","…","…","1.0"
"年齢別疾病・異常被患率等_男女計_難聴_小学校_6歳","％","","","","","","","","","","","","","","","","","","","","","","","","","","","1.8","1.6","1.3","1.2","1.0"
"年齢別疾病・異常被患率等_男女計_難聴_小学校_7歳","％","","","","","","","","","","","","","","","","","","","","","","","","","","","1.5","1.0","1.2","1.6","1.0"
"年齢別疾病・異常被患率等_男女計_難聴_小学校_8歳","％","","","","","","","","","","","","","","","","","","","","","","","","","","","1.0","1.4","1.1","1.2","1.0"
"年齢別疾病・異常被患率等_男女計_難聴_小学校_9歳","％","","","","","","","","","","","","","","","","","","","","","","","","","","","…","…","…","…","1.0"
"年齢別疾病・異常被患率等_男女計_難聴_小学校_10歳","％","","","","","","","","","","","","","","","","","","","","","","","","","","","1.2","0.8","2.4","1.1","1.0"
"年齢別疾病・異常被患率等_男女計_難聴_小学校_11歳","％","","","","","","","","","","","","","","","","","","","","","","","","","","","…","…","…","…","1.0"
"年齢別疾病・異常被患率等_男女計_難聴_中学校_12歳","％","","","","","","","","","","","","","","","","","","","","","","","","","","","1.0","1.1","1.3","3.8","1.0"
"年齢別疾病・異常被患率等_男女計_難聴_中学校_13歳","％","","","","","","","","","","","","","","","","","","","","","","","","","","","…","…","…","…","1.0"
"年齢別疾病・異常被患率等_男女計_難聴_中学校_14歳","％","","","","","","","","","","","","","","","","","","","","","","","","","","","1.5","1.0","1.4","1.6","1.0"
"年齢別疾病・異常被患率等_男女計_難聴_高等学校_15歳","％","","","","","","","","","","","","","","","","","","","","","","","","","","","0.6","0.8","0.4","0.8","1.0"
"年齢別疾病・異常被患率等_男女計_難聴_高等学校_16歳","％","","","","","","","","","","","","","","","","","","","","","","","","","","","…","…","…","…","1.0"
"年齢別疾病・異常被患率等_男女計_難聴_高等学校_17歳","％","","","","","","","","","","","","","","","","","","","","","","","","","","","1.1","0.8","0.6","0.7","1.0"
"","","","","","","","","","","","","","","","","","","","","","","","","","","","","","","","",""
"年齢別疾病・異常被患率等_男女計_耳疾患_幼稚園_5歳","％","","","","","","","","","","","","","","","","","","","","","","","","","","","1.9","0.4","X","0.5","1.0"
"年齢別疾病・異常被患率等_男女計_耳疾患_小学校_6歳","％","","","","","","","","","","","","","","","","","","","","","","","","","","","8.8","11.6","10.3","10.9","1.0"
"年齢別疾病・異常被患率等_男女計_耳疾患_小学校_7歳","％","","","","","","","","","","","","","","","","","","","","","","","","","","","7.6","4.5","6.0","4.8","1.0"
"年齢別疾病・異常被患率等_男女計_耳疾患_小学校_8歳","％","","","","","","","","","","","","","","","","","","","","","","","","","","","5.2","7.0","6.6","7.3","1.0"
"年齢別疾病・異常被患率等_男女計_耳疾患_小学校_9歳","％","","","","","","","","","","","","","","","","","","","","","","","","","","","5.1","3.4","4.8","3.4","1.0"
"年齢別疾病・異常被患率等_男女計_耳疾患_小学校_10歳","％","","","","","","","","","","","","","","","","","","","","","","","","","","","5.9","4.6","5.7","5.0","1.0"
"年齢別疾病・異常被患率等_男女計_耳疾患_小学校_11歳","％","","","","","","","","","","","","","","","","","","","","","","","","","","","4.6","3.8","4.8","1.9","1.0"
"年齢別疾病・異常被患率等_男女計_耳疾患_中学校_12歳","％","","","","","","","","","","","","","","","","","","","","","","","","","","","3.1","4.5","3.3","3.5","1.0"
"年齢別疾病・異常被患率等_男女計_耳疾患_中学校_13歳","％","","","","","","","","","","","","","","","","","","","","","","","","","","","2.1","3.4","1.8","0.9","1.0"
"年齢別疾病・異常被患率等_男女計_耳疾患_中学校_14歳","％","","","","","","","","","","","","","","","","","","","","","","","","","","","1.5","3.3","1.7","0.5","1.0"
"年齢別疾病・異常被患率等_男女計_耳疾患_高等学校_15歳","％","","","","","","","","","","","","","","","","","","","","","","","","","","","0.0","-","0.1","-","1.0"
"年齢別疾病・異常被患率等_男女計_耳疾患_高等学校_16歳","％","","","","","","","","","","","","","","","","","","","","","","","","","","","－","0.2","－","－","1.0"
"年齢別疾病・異常被患率等_男女計_耳疾患_高等学校_17歳","％","","","","","","","","","","","","","","","","","","","","","","","","","","","－","－","－","－","1.0"
"","","","","","","","","","","","","","","","","","","","","","","","","","","","","","","","",""
"年齢別疾病・異常被患率等_男女計_鼻・副鼻腔疾患_幼稚園_5歳","％","","","","","","","","","","","","","","","","","","","","","","","","","","","2.6","0.5","6.2","3.0","1.0"
"年齢別疾病・異常被患率等_男女計_鼻・副鼻腔疾患_小学校_6歳","％","","","","","","","","","","","","","","","","","","","","","","","","","","","16.4","15.1","12.6","11.9","1.0"
"年齢別疾病・異常被患率等_男女計_鼻・副鼻腔疾患_小学校_7歳","％","","","","","","","","","","","","","","","","","","","","","","","","","","","15.8","10.4","12.8","9.9","1.0"
"年齢別疾病・異常被患率等_男女計_鼻・副鼻腔疾患_小学校_8歳","％","","","","","","","","","","","","","","","","","","","","","","","","","","","15.7","13.0","14.4","13.5","1.0"
"年齢別疾病・異常被患率等_男女計_鼻・副鼻腔疾患_小学校_9歳","％","","","","","","","","","","","","","","","","","","","","","","","","","","","14.1","10.3","12.2","7.5","1.0"
"年齢別疾病・異常被患率等_男女計_鼻・副鼻腔疾患_小学校_10歳","％","","","","","","","","","","","","","","","","","","","","","","","","","","","17.2","14.2","16.6","11.2","1.0"
"年齢別疾病・異常被患率等_男女計_鼻・副鼻腔疾患_小学校_11歳","％","","","","","","","","","","","","","","","","","","","","","","","","","","","14.1","12.2","11.7","8.6","1.0"
"年齢別疾病・異常被患率等_男女計_鼻・副鼻腔疾患_中学校_12歳","％","","","","","","","","","","","","","","","","","","","","","","","","","","","15.7","16.1","12.5","11.5","1.0"
"年齢別疾病・異常被患率等_男女計_鼻・副鼻腔疾患_中学校_13歳","％","","","","","","","","","","","","","","","","","","","","","","","","","","","9.5","7.4","7.2","5.9","1.0"
"年齢別疾病・異常被患率等_男女計_鼻・副鼻腔疾患_中学校_14歳","％","","","","","","","","","","","","","","","","","","","","","","","","","","","10.5","10.2","7.5","5.2","1.0"
"年齢別疾病・異常被患率等_男女計_鼻・副鼻腔疾患_高等学校_15歳","％","","","","","","","","","","","","","","","","","","","","","","","","","","","6.1","0.3","0.3","0.3","1.0"
"年齢別疾病・異常被患率等_男女計_鼻・副鼻腔疾患_高等学校_16歳","％","","","","","","","","","","","","","","","","","","","","","","","","","","","6.5","0.0","－","2.2","1.0"
"年齢別疾病・異常被患率等_男女計_鼻・副鼻腔疾患_高等学校_17歳","％","","","","","","","","","","","","","","","","","","","","","","","","","","","4.1","0.0","－","0.7","1.0"
"","","","","","","","","","","","","","","","","","","","","","","","","","","","","","","","",""
"年齢別疾病・異常被患率等_男女計_口腔咽喉頭疾患・異常_幼稚園_5歳","％","","","","","","","","","","","","","","","","","","","","","","","","","","","2.0","2.6","X","4.4","1.0"
"年齢別疾病・異常被患率等_男女計_口腔咽喉頭疾患・異常_小学校_6歳","％","","","","","","","","","","","","","","","","","","","","","","","","","","","2.7","2.9","3.8","2.9","1.0"
"年齢別疾病・異常被患率等_男女計_口腔咽喉頭疾患・異常_小学校_7歳","％","","","","","","","","","","","","","","","","","","","","","","","","","","","2.1","3.6","2.5","2.2","1.0"
"年齢別疾病・異常被患率等_男女計_口腔咽喉頭疾患・異常_小学校_8歳","％","","","","","","","","","","","","","","","","","","","","","","","","","","","2.5","2.2","2.4","1.7","1.0"
"年齢別疾病・異常被患率等_男女計_口腔咽喉頭疾患・異常_小学校_9歳","％","","","","","","","","","","","","","","","","","","","","","","","","","","","0.6","1.6","2.9","2.4","1.0"
"年齢別疾病・異常被患率等_男女計_口腔咽喉頭疾患・異常_小学校_10歳","％","","","","","","","","","","","","","","","","","","","","","","","","","","","1.4","1.6","1.7","1.8","1.0"
"年齢別疾病・異常被患率等_男女計_口腔咽喉頭疾患・異常_小学校_11歳","％","","","","","","","","","","","","","","","","","","","","","","","","","","","1.0","1.1","2.3","1.1","1.0"
"年齢別疾病・異常被患率等_男女計_口腔咽喉頭疾患・異常_中学校_12歳","％","","","","","","","","","","","","","","","","","","","","","","","","","","","2.9","2.9","2.0","3.0","1.0"
"年齢別疾病・異常被患率等_男女計_口腔咽喉頭疾患・異常_中学校_13歳","％","","","","","","","","","","","","","","","","","","","","","","","","","","","1.7","2.6","0.9","1.2","1.0"
"年齢別疾病・異常被患率等_男女計_口腔咽喉頭疾患・異常_中学校_14歳","％","","","","","","","","","","","","","","","","","","","","","","","","","","","1.9","2.3","0.6","1.2","1.0"
"年齢別疾病・異常被患率等_男女計_口腔咽喉頭疾患・異常_高等学校_15歳","％","","","","","","","","","","","","","","","","","","","","","","","","","","","0.0","0.1","0.4","-","1.0"
"年齢別疾病・異常被患率等_男女計_口腔咽喉頭疾患・異常_高等学校_16歳","％","","","","","","","","","","","","","","","","","","","","","","","","","","","－","0.2","0.1","0.3","1.0"
"年齢別疾病・異常被患率等_男女計_口腔咽喉頭疾患・異常_高等学校_17歳","％","","","","","","","","","","","","","","","","","","","","","","","","","","","－","0.2","0.1","0.2","1.0"
"","","","","","","","","","","","","","","","","","","","","","","","","","","","","","","","",""
"年齢別疾病・異常被患率等_男女計_むし歯（う歯）処置完了者_幼稚園_5歳","％","","","","","","","","","","","","","","","","","","","","","","","","","","","14.9","17.0","20.0","16.1","1.0"
"年齢別疾病・異常被患率等_男女計_むし歯（う歯）処置完了者_小学校_6歳","％","","","","","","","","","","","","","","","","","","","","","","","","","","","20.9","19.3","22.1","24.8","1.0"
"年齢別疾病・異常被患率等_男女計_むし歯（う歯）処置完了者_小学校_7歳","％","","","","","","","","","","","","","","","","","","","","","","","","","","","26.5","22.3","29.0","27.4","1.0"
"年齢別疾病・異常被患率等_男女計_むし歯（う歯）処置完了者_小学校_8歳","％","","","","","","","","","","","","","","","","","","","","","","","","","","","32.2","27.4","31.8","36.1","1.0"
"年齢別疾病・異常被患率等_男女計_むし歯（う歯）処置完了者_小学校_9歳","％","","","","","","","","","","","","","","","","","","","","","","","","","","","30.1","29.7","31.2","35.1","1.0"
"年齢別疾病・異常被患率等_男女計_むし歯（う歯）処置完了者_小学校_10歳","％","","","","","","","","","","","","","","","","","","","","","","","","","","","34.9","31.5","34.8","32.3","1.0"
"年齢別疾病・異常被患率等_男女計_むし歯（う歯）処置完了者_小学校_11歳","％","","","","","","","","","","","","","","","","","","","","","","","","","","","31.4","27.4","31.4","29.6","1.0"
"年齢別疾病・異常被患率等_男女計_むし歯（う歯）処置完了者_中学校_12歳","％","","","","","","","","","","","","","","","","","","","","","","","","","","","30.1","28.6","24.7","29.7","1.0"
"年齢別疾病・異常被患率等_男女計_むし歯（う歯）処置完了者_中学校_13歳","％","","","","","","","","","","","","","","","","","","","","","","","","","","","33.5","29.5","27.0","30.5","1.0"
"年齢別疾病・異常被患率等_男女計_むし歯（う歯）処置完了者_中学校_14歳","％","","","","","","","","","","","","","","","","","","","","","","","","","","","34.8","30.5","29.3","29.6","1.0"
"年齢別疾病・異常被患率等_男女計_むし歯（う歯）処置完了者_高等学校_15歳","％","","","","","","","","","","","","","","","","","","","","","","","","","","","X","35.7","X","33.5","1.0"
"年齢別疾病・異常被患率等_男女計_むし歯（う歯）処置完了者_高等学校_16歳","％","","","","","","","","","","","","","","","","","","","","","","","","","","","X","39.0","36.6","35.3","1.0"
"年齢別疾病・異常被患率等_男女計_むし歯（う歯）処置完了者_高等学校_17歳","％","","","","","","","","","","","","","","","","","","","","","","","","","","","X","38.3","40.2","38.5","1.0"
"","","","","","","","","","","","","","","","","","","","","","","","","","","","","","","","",""
"年齢別疾病・異常被患率等_男女計_むし歯（う歯）未処置歯のある者_幼稚園_5歳","％","","","","","","","","","","","","","","","","","","","","","","","","","","","32.2","33.7","30.8","32.3","1.0"
"年齢別疾病・異常被患率等_男女計_むし歯（う歯）未処置歯のある者_小学校_6歳","％","","","","","","","","","","","","","","","","","","","","","","","","","","","42.7","43.8","41.4","36.0","1.0"
"年齢別疾病・異常被患率等_男女計_むし歯（う歯）未処置歯のある者_小学校_7歳","％","","","","","","","","","","","","","","","","","","","","","","","","","","","45.2","43.5","40.0","39.4","1.0"
"年齢別疾病・異常被患率等_男女計_むし歯（う歯）未処置歯のある者_小学校_8歳","％","","","","","","","","","","","","","","","","","","","","","","","","","","","41.1","45.3","43.8","35.8","1.0"
"年齢別疾病・異常被患率等_男女計_むし歯（う歯）未処置歯のある者_小学校_9歳","％","","","","","","","","","","","","","","","","","","","","","","","","","","","40.9","40.3","41.4","36.9","1.0"
"年齢別疾病・異常被患率等_男女計_むし歯（う歯）未処置歯のある者_小学校_10歳","％","","","","","","","","","","","","","","","","","","","","","","","","","","","35.7","34.8","34.0","32.2","1.0"
"年齢別疾病・異常被患率等_男女計_むし歯（う歯）未処置歯のある者_小学校_11歳","％","","","","","","","","","","","","","","","","","","","","","","","","","","","28.5","30.7","27.7","26.8","1.0"
"年齢別疾病・異常被患率等_男女計_むし歯（う歯）未処置歯のある者_中学校_12歳","％","","","","","","","","","","","","","","","","","","","","","","","","","","","29.1","24.7","23.7","17.2","1.0"
"年齢別疾病・異常被患率等_男女計_むし歯（う歯）未処置歯のある者_中学校_13歳","％","","","","","","","","","","","","","","","","","","","","","","","","","","","25.6","25.8","22.8","20.3","1.0"
"年齢別疾病・異常被患率等_男女計_むし歯（う歯）未処置歯のある者_中学校_14歳","％","","","","","","","","","","","","","","","","","","","","","","","","","","","32.6","28.1","22.7","23.9","1.0"
"年齢別疾病・異常被患率等_男女計_むし歯（う歯）未処置歯のある者_高等学校_15歳","％","","","","","","","","","","","","","","","","","","","","","","","","","","","X","28.1","X","22.8","1.0"
"年齢別疾病・異常被患率等_男女計_むし歯（う歯）未処置歯のある者_高等学校_16歳","％","","","","","","","","","","","","","","","","","","","","","","","","","","","X","29.2","31.9","24.8","1.0"
"年齢別疾病・異常被患率等_男女計_むし歯（う歯）未処置歯のある者_高等学校_17歳","％","","","","","","","","","","","","","","","","","","","","","","","","","","","X","32.8","30.8","27.0","1.0"
"","","","","","","","","","","","","","","","","","","","","","","","","","","","","","","","",""
"年齢別疾病・異常被患率等_男女計_歯列・咬合_幼稚園_5歳","％","","","","","","","","","","","","","","","","","","","","","","","","","","","1.3","2.2","0.7","1.6","1.0"
"年齢別疾病・異常被患率等_男女計_歯列・咬合_小学校_6歳","％","","","","","","","","","","","","","","","","","","","","","","","","","","","1.8","2.2","2.5","2.1","1.0"
"年齢別疾病・異常被患率等_男女計_歯列・咬合_小学校_7歳","％","","","","","","","","","","","","","","","","","","","","","","","","","","","3.1","3.1","4.5","3.3","1.0"
"年齢別疾病・異常被患率等_男女計_歯列・咬合_小学校_8歳","％","","","","","","","","","","","","","","","","","","","","","","","","","","","2.5","4.3","4.7","5.4","1.0"
"年齢別疾病・異常被患率等_男女計_歯列・咬合_小学校_9歳","％","","","","","","","","","","","","","","","","","","","","","","","","","","","3.8","4.6","5.4","4.8","1.0"
"年齢別疾病・異常被患率等_男女計_歯列・咬合_小学校_10歳","％","","","","","","","","","","","","","","","","","","","","","","","","","","","3.8","4.9","6.2","6.3","1.0"
"年齢別疾病・異常被患率等_男女計_歯列・咬合_小学校_11歳","％","","","","","","","","","","","","","","","","","","","","","","","","","","","4.2","5.8","4.7","3.9","1.0"
"年齢別疾病・異常被患率等_男女計_歯列・咬合_中学校_12歳","％","","","","","","","","","","","","","","","","","","","","","","","","","","","6.6","3.5","4.4","3.7","1.0"
"年齢別疾病・異常被患率等_男女計_歯列・咬合_中学校_13歳","％","","","","","","","","","","","","","","","","","","","","","","","","","","","7.5","3.3","4.8","3.7","1.0"
"年齢別疾病・異常被患率等_男女計_歯列・咬合_中学校_14歳","％","","","","","","","","","","","","","","","","","","","","","","","","","","","5.8","4.3","3.2","4.4","1.0"
"年齢別疾病・異常被患率等_男女計_歯列・咬合_高等学校_15歳","％","","","","","","","","","","","","","","","","","","","","","","","","","","","3.2","4.2","4.6","6.2","1.0"
"年齢別疾病・異常被患率等_男女計_歯列・咬合_高等学校_16歳","％","","","","","","","","","","","","","","","","","","","","","","","","","","","3.1","3.5","5.1","5.4","1.0"
"年齢別疾病・異常被患率等_男女計_歯列・咬合_高等学校_17歳","％","","","","","","","","","","","","","","","","","","","","","","","","","","","3.6","2.8","3.9","5.0","1.0"
"","","","","","","","","","","","","","","","","","","","","","","","","","","","","","","","",""
"年齢別疾病・異常被患率等_男女計_顎関節_幼稚園_5歳","％","","","","","","","","","","","","","","","","","","","","","","","","","","","－","－","－","0.1","1.0"
"年齢別疾病・異常被患率等_男女計_顎関節_小学校_6歳","％","","","","","","","","","","","","","","","","","","","","","","","","","","","－","－","0.1","－","1.0"
"年齢別疾病・異常被患率等_男女計_顎関節_小学校_7歳","％","","","","","","","","","","","","","","","","","","","","","","","","","","","－","－","0.1","－","1.0"
"年齢別疾病・異常被患率等_男女計_顎関節_小学校_8歳","％","","","","","","","","","","","","","","","","","","","","","","","","","","","－","0.0","0.0","－","1.0"
"年齢別疾病・異常被患率等_男女計_顎関節_小学校_9歳","％","","","","","","","","","","","","","","","","","","","","","","","","","","","－","－","0.2","0.0","1.0"
"年齢別疾病・異常被患率等_男女計_顎関節_小学校_10歳","％","","","","","","","","","","","","","","","","","","","","","","","","","","","0.03","－","0.0","0.0","1.0"
"年齢別疾病・異常被患率等_男女計_顎関節_小学校_11歳","％","","","","","","","","","","","","","","","","","","","","","","","","","","","－","0.0","0.0","－","1.0"
"年齢別疾病・異常被患率等_男女計_顎関節_中学校_12歳","％","","","","","","","","","","","","","","","","","","","","","","","","","","","0.59","0.0","0.4","0.7","1.0"
"年齢別疾病・異常被患率等_男女計_顎関節_中学校_13歳","％","","","","","","","","","","","","","","","","","","","","","","","","","","","0.54","0.0","0.2","0.6","1.0"
"年齢別疾病・異常被患率等_男女計_顎関節_中学校_14歳","％","","","","","","","","","","","","","","","","","","","","","","","","","","","0.38","0.1","0.1","0.6","1.0"
"年齢別疾病・異常被患率等_男女計_顎関節_高等学校_15歳","％","","","","","","","","","","","","","","","","","","","","","","","","","","","0.62","0.1","0.5","1.0","1.0"
"年齢別疾病・異常被患率等_男女計_顎関節_高等学校_16歳","％","","","","","","","","","","","","","","","","","","","","","","","","","","","0.6","0.1","0.5","0.8","1.0"
"年齢別疾病・異常被患率等_男女計_顎関節_高等学校_17歳","％","","","","","","","","","","","","","","","","","","","","","","","","","","","0.39","0.1","0.8","1.0","1.0"
"","","","","","","","","","","","","","","","","","","","","","","","","","","","","","","","",""
"年齢別疾病・異常被患率等_男女計_歯垢の状態_幼稚園_5歳","％","","","","","","","","","","","","","","","","","","","","","","","","","","","－","0.6","0.5","0.3","1.0"
"年齢別疾病・異常被患率等_男女計_歯垢の状態_小学校_6歳","％","","","","","","","","","","","","","","","","","","","","","","","","","","","1.2","0.7","0.9","1.1","1.0"
"年齢別疾病・異常被患率等_男女計_歯垢の状態_小学校_7歳","％","","","","","","","","","","","","","","","","","","","","","","","","","","","2.8","1.5","2.3","2.4","1.0"
"年齢別疾病・異常被患率等_男女計_歯垢の状態_小学校_8歳","％","","","","","","","","","","","","","","","","","","","","","","","","","","","2.4","1.9","4.2","3.1","1.0"
"年齢別疾病・異常被患率等_男女計_歯垢の状態_小学校_9歳","％","","","","","","","","","","","","","","","","","","","","","","","","","","","3.7","2.4","4.4","3.5","1.0"
"年齢別疾病・異常被患率等_男女計_歯垢の状態_小学校_10歳","％","","","","","","","","","","","","","","","","","","","","","","","","","","","3.6","2.6","5.4","5.3","1.0"
"年齢別疾病・異常被患率等_男女計_歯垢の状態_小学校_11歳","％","","","","","","","","","","","","","","","","","","","","","","","","","","","3.8","3.1","5.4","4.2","1.0"
"年齢別疾病・異常被患率等_男女計_歯垢の状態_中学校_12歳","％","","","","","","","","","","","","","","","","","","","","","","","","","","","5.0","5.7","5.7","4.6","1.0"
"年齢別疾病・異常被患率等_男女計_歯垢の状態_中学校_13歳","％","","","","","","","","","","","","","","","","","","","","","","","","","","","5.1","5.4","5.3","5.1","1.0"
"年齢別疾病・異常被患率等_男女計_歯垢の状態_中学校_14歳","％","","","","","","","","","","","","","","","","","","","","","","","","","","","4.7","6.0","4.0","5.9","1.0"
"年齢別疾病・異常被患率等_男女計_歯垢の状態_高等学校_15歳","％","","","","","","","","","","","","","","","","","","","","","","","","","","","5.6","2.1","8.1","6.9","1.0"
"年齢別疾病・異常被患率等_男女計_歯垢の状態_高等学校_16歳","％","","","","","","","","","","","","","","","","","","","","","","","","","","","6.6","3.0","5.7","7.9","1.0"
"年齢別疾病・異常被患率等_男女計_歯垢の状態_高等学校_17歳","％","","","","","","","","","","","","","","","","","","","","","","","","","","","7.0","3.7","5.7","5.4","1.0"
"","","","","","","","","","","","","","","","","","","","","","","","","","","","","","","","",""
"年齢別疾病・異常被患率等_男女計_歯肉の状態_幼稚園_5歳","％","","","","","","","","","","","","","","","","","","","","","","","","","","","－","－","－","0.0","1.0"
"年齢別疾病・異常被患率等_男女計_歯肉の状態_小学校_6歳","％","","","","","","","","","","","","","","","","","","","","","","","","","","","0.3","0.2","0.5","0.6","1.0"
"年齢別疾病・異常被患率等_男女計_歯肉の状態_小学校_7歳","％","","","","","","","","","","","","","","","","","","","","","","","","","","","1.4","0.2","1.8","0.9","1.0"
"年齢別疾病・異常被患率等_男女計_歯肉の状態_小学校_8歳","％","","","","","","","","","","","","","","","","","","","","","","","","","","","1.4","0.7","2.6","1.3","1.0"
"年齢別疾病・異常被患率等_男女計_歯肉の状態_小学校_9歳","％","","","","","","","","","","","","","","","","","","","","","","","","","","","2.3","1.2","3.0","1.7","1.0"
"年齢別疾病・異常被患率等_男女計_歯肉の状態_小学校_10歳","％","","","","","","","","","","","","","","","","","","","","","","","","","","","2.0","1.1","4.1","2.8","1.0"
"年齢別疾病・異常被患率等_男女計_歯肉の状態_小学校_11歳","％","","","","","","","","","","","","","","","","","","","","","","","","","","","3.0","2.4","4.7","2.3","1.0"
"年齢別疾病・異常被患率等_男女計_歯肉の状態_中学校_12歳","％","","","","","","","","","","","","","","","","","","","","","","","","","","","5.4","3.2","5.6","3.3","1.0"
"年齢別疾病・異常被患率等_男女計_歯肉の状態_中学校_13歳","％","","","","","","","","","","","","","","","","","","","","","","","","","","","4.4","4.2","5.3","3.9","1.0"
"年齢別疾病・異常被患率等_男女計_歯肉の状態_中学校_14歳","％","","","","","","","","","","","","","","","","","","","","","","","","","","","4.7","5.3","5.4","5.0","1.0"
"年齢別疾病・異常被患率等_男女計_歯肉の状態_高等学校_15歳","％","","","","","","","","","","","","","","","","","","","","","","","","","","","2.6","3.8","5.5","3.9","1.0"
"年齢別疾病・異常被患率等_男女計_歯肉の状態_高等学校_16歳","％","","","","","","","","","","","","","","","","","","","","","","","","","","","3.0","4.4","4.5","4.5","1.0"
"年齢別疾病・異常被患率等_男女計_歯肉の状態_高等学校_17歳","％","","","","","","","","","","","","","","","","","","","","","","","","","","","3.0","5.1","4.8","3.6","1.0"
"","","","","","","","","","","","","","","","","","","","","","","","","","","","","","","","",""
"年齢別疾病・異常被患率等_男女計_歯・口腔で上記以外の疾病・異常_幼稚園_5歳","％","","","","","","","","","","","","","","","","","","","","","","","","","","","0.3","0.3","0.4","0.5","1.0"
"年齢別疾病・異常被患率等_男女計_歯・口腔で上記以外の疾病・異常_小学校_6歳","％","","","","","","","","","","","","","","","","","","","","","","","","","","","0.5","0.6","1.0","0.6","1.0"
"年齢別疾病・異常被患率等_男女計_歯・口腔で上記以外の疾病・異常_小学校_7歳","％","","","","","","","","","","","","","","","","","","","","","","","","","","","0.7","0.5","1.4","0.4","1.0"
"年齢別疾病・異常被患率等_男女計_歯・口腔で上記以外の疾病・異常_小学校_8歳","％","","","","","","","","","","","","","","","","","","","","","","","","","","","0.4","1.4","1.7","0.6","1.0"
"年齢別疾病・異常被患率等_男女計_歯・口腔で上記以外の疾病・異常_小学校_9歳","％","","","","","","","","","","","","","","","","","","","","","","","","","","","0.9","2.1","1.7","0.7","1.0"
"年齢別疾病・異常被患率等_男女計_歯・口腔で上記以外の疾病・異常_小学校_10歳","％","","","","","","","","","","","","","","","","","","","","","","","","","","","1.3","2.0","2.7","1.3","1.0"
"年齢別疾病・異常被患率等_男女計_歯・口腔で上記以外の疾病・異常_小学校_11歳","％","","","","","","","","","","","","","","","","","","","","","","","","","","","1.3","1.4","2.3","0.9","1.0"
"年齢別疾病・異常被患率等_男女計_歯・口腔で上記以外の疾病・異常_中学校_12歳","％","","","","","","","","","","","","","","","","","","","","","","","","","","","2.2","1.3","2.0","1.1","1.0"
"年齢別疾病・異常被患率等_男女計_歯・口腔で上記以外の疾病・異常_中学校_13歳","％","","","","","","","","","","","","","","","","","","","","","","","","","","","0.7","1.3","2.8","0.7","1.0"
"年齢別疾病・異常被患率等_男女計_歯・口腔で上記以外の疾病・異常_中学校_14歳","％","","","","","","","","","","","","","","","","","","","","","","","","","","","0.9","0.9","3.5","0.3","1.0"
"年齢別疾病・異常被患率等_男女計_歯・口腔で上記以外の疾病・異常_高等学校_15歳","％","","","","","","","","","","","","","","","","","","","","","","","","","","","1.0","0.2","0.1","0.1","1.0"
"年齢別疾病・異常被患率等_男女計_歯・口腔で上記以外の疾病・異常_高等学校_16歳","％","","","","","","","","","","","","","","","","","","","","","","","","","","","0.5","0.2","0.1","1.0","1.0"
"年齢別疾病・異常被患率等_男女計_歯・口腔で上記以外の疾病・異常_高等学校_17歳","％","","","","","","","","","","","","","","","","","","","","","","","","","","","0.8","0.2","0.1","1.4","1.0"
"","","","","","","","","","","","","","","","","","","","","","","","","","","","","","","","",""
"年齢別疾病・異常被患率等_男女計_せき柱・胸郭_幼稚園_5歳","％","","","","","","","","","","","","","","","","","","","","","","","","","","","0.1","0.5","0.1","2.7","1.0"
"年齢別疾病・異常被患率等_男女計_せき柱・胸郭_小学校_6歳","％","","","","","","","","","","","","","","","","","","","","","","","","","","","0.1","0.0","0.2","0.1","1.0"
"年齢別疾病・異常被患率等_男女計_せき柱・胸郭_小学校_7歳","％","","","","","","","","","","","","","","","","","","","","","","","","","","","0.1","0.0","0.1","0.1","1.0"
"年齢別疾病・異常被患率等_男女計_せき柱・胸郭_小学校_8歳","％","","","","","","","","","","","","","","","","","","","","","","","","","","","0.2","0.4","0.2","0.1","1.0"
"年齢別疾病・異常被患率等_男女計_せき柱・胸郭_小学校_9歳","％","","","","","","","","","","","","","","","","","","","","","","","","","","","0.1","0.3","0.4","0.2","1.0"
"年齢別疾病・異常被患率等_男女計_せき柱・胸郭_小学校_10歳","％","","","","","","","","","","","","","","","","","","","","","","","","","","","0.2","0.9","0.2","0.3","1.0"
"年齢別疾病・異常被患率等_男女計_せき柱・胸郭_小学校_11歳","％","","","","","","","","","","","","","","","","","","","","","","","","","","","0.1","0.7","0.2","0.2","1.0"
"年齢別疾病・異常被患率等_男女計_せき柱・胸郭_中学校_12歳","％","","","","","","","","","","","","","","","","","","","","","","","","","","","0.2","0.4","0.2","0.5","1.0"
"年齢別疾病・異常被患率等_男女計_せき柱・胸郭_中学校_13歳","％","","","","","","","","","","","","","","","","","","","","","","","","","","","0.2","0.1","0.4","0.4","1.0"
"年齢別疾病・異常被患率等_男女計_せき柱・胸郭_中学校_14歳","％","","","","","","","","","","","","","","","","","","","","","","","","","","","0.3","0.4","0.7","0.5","1.0"
"年齢別疾病・異常被患率等_男女計_せき柱・胸郭_高等学校_15歳","％","","","","","","","","","","","","","","","","","","","","","","","","","","","0.3","0.3","0.3","5.6","1.0"
"年齢別疾病・異常被患率等_男女計_せき柱・胸郭_高等学校_16歳","％","","","","","","","","","","","","","","","","","","","","","","","","","","","0.0","0.2","0.2","0.9","1.0"
"年齢別疾病・異常被患率等_男女計_せき柱・胸郭_高等学校_17歳","％","","","","","","","","","","","","","","","","","","","","","","","","","","","0.1","0.2","0.2","0.5","1.0"
"","","","","","","","","","","","","","","","","","","","","","","","","","","","","","","","",""
"年齢別疾病・異常被患率等_男女計_アトピー性皮膚炎_幼稚園_5歳","％","","","","","","","","","","","","","","","","","","","","","","","","","","","2.5","3.1","4.1","2.7","1.0"
"年齢別疾病・異常被患率等_男女計_アトピー性皮膚炎_小学校_6歳","％","","","","","","","","","","","","","","","","","","","","","","","","","","","3.7","3.3","3.3","3.3","1.0"
"年齢別疾病・異常被患率等_男女計_アトピー性皮膚炎_小学校_7歳","％","","","","","","","","","","","","","","","","","","","","","","","","","","","3.6","3.0","2.3","3.1","1.0"
"年齢別疾病・異常被患率等_男女計_アトピー性皮膚炎_小学校_8歳","％","","","","","","","","","","","","","","","","","","","","","","","","","","","2.3","2.1","2.8","2.8","1.0"
"年齢別疾病・異常被患率等_男女計_アトピー性皮膚炎_小学校_9歳","％","","","","","","","","","","","","","","","","","","","","","","","","","","","2.9","1.9","2.9","2.4","1.0"
"年齢別疾病・異常被患率等_男女計_アトピー性皮膚炎_小学校_10歳","％","","","","","","","","","","","","","","","","","","","","","","","","","","","2.9","1.8","1.6","2.2","1.0"
"年齢別疾病・異常被患率等_男女計_アトピー性皮膚炎_小学校_11歳","％","","","","","","","","","","","","","","","","","","","","","","","","","","","2.6","2.4","2.3","2.6","1.0"
"年齢別疾病・異常被患率等_男女計_アトピー性皮膚炎_中学校_12歳","％","","","","","","","","","","","","","","","","","","","","","","","","","","","2.9","1.8","2.4","1.5","1.0"
"年齢別疾病・異常被患率等_男女計_アトピー性皮膚炎_中学校_13歳","％","","","","","","","","","","","","","","","","","","","","","","","","","","","2.7","1.5","2.5","1.4","1.0"
"年齢別疾病・異常被患率等_男女計_アトピー性皮膚炎_中学校_14歳","％","","","","","","","","","","","","","","","","","","","","","","","","","","","1.6","1.9","2.0","1.4","1.0"
"年齢別疾病・異常被患率等_男女計_アトピー性皮膚炎_高等学校_15歳","％","","","","","","","","","","","","","","","","","","","","","","","","","","","1.2","1.5","1.7","1.6","1.0"
"年齢別疾病・異常被患率等_男女計_アトピー性皮膚炎_高等学校_16歳","％","","","","","","","","","","","","","","","","","","","","","","","","","","","1.0","1.3","1.4","1.8","1.0"
"年齢別疾病・異常被患率等_男女計_アトピー性皮膚炎_高等学校_17歳","％","","","","","","","","","","","","","","","","","","","","","","","","","","","1.0","0.8","1.3","1.3","1.0"
"","","","","","","","","","","","","","","","","","","","","","","","","","","","","","","","",""
"年齢別疾病・異常被患率等_男女計_その他の皮膚疾患_幼稚園_5歳","％","","","","","","","","","","","","","","","","","","","","","","","","","","","0.6","1.8","0.7","1.2","1.0"
"年齢別疾病・異常被患率等_男女計_その他の皮膚疾患_小学校_6歳","％","","","","","","","","","","","","","","","","","","","","","","","","","","","0.7","0.5","0.4","0.8","1.0"
"年齢別疾病・異常被患率等_男女計_その他の皮膚疾患_小学校_7歳","％","","","","","","","","","","","","","","","","","","","","","","","","","","","0.5","0.2","0.7","0.3","1.0"
"年齢別疾病・異常被患率等_男女計_その他の皮膚疾患_小学校_8歳","％","","","","","","","","","","","","","","","","","","","","","","","","","","","0.5","0.3","0.2","0.4","1.0"
"年齢別疾病・異常被患率等_男女計_その他の皮膚疾患_小学校_9歳","％","","","","","","","","","","","","","","","","","","","","","","","","","","","0.4","0.2","0.1","0.1","1.0"
"年齢別疾病・異常被患率等_男女計_その他の皮膚疾患_小学校_10歳","％","","","","","","","","","","","","","","","","","","","","","","","","","","","0.1","0.2","0.2","0.2","1.0"
"年齢別疾病・異常被患率等_男女計_その他の皮膚疾患_小学校_11歳","％","","","","","","","","","","","","","","","","","","","","","","","","","","","0.3","0.1","0.1","0.1","1.0"
"年齢別疾病・異常被患率等_男女計_その他の皮膚疾患_中学校_12歳","％","","","","","","","","","","","","","","","","","","","","","","","","","","","0.3","0.0","0.0","0.1","1.0"
"年齢別疾病・異常被患率等_男女計_その他の皮膚疾患_中学校_13歳","％","","","","","","","","","","","","","","","","","","","","","","","","","","","0.0","0.0","0.2","0.1","1.0"
"年齢別疾病・異常被患率等_男女計_その他の皮膚疾患_中学校_14歳","％","","","","","","","","","","","","","","","","","","","","","","","","","","","0.2","0.0","0.2","0.2","1.0"
"年齢別疾病・異常被患率等_男女計_その他の皮膚疾患_高等学校_15歳","％","","","","","","","","","","","","","","","","","","","","","","","","","","","0.3","0.1","0.1","0.2","1.0"
"年齢別疾病・異常被患率等_男女計_その他の皮膚疾患_高等学校_16歳","％","","","","","","","","","","","","","","","","","","","","","","","","","","","0.1","0.1","0.0","0.1","1.0"
"年齢別疾病・異常被患率等_男女計_その他の皮膚疾患_高等学校_17歳","％","","","","","","","","","","","","","","","","","","","","","","","","","","","0.2","0.0","0.0","0.1","1.0"
"","","","","","","","","","","","","","","","","","","","","","","","","","","","","","","","",""
"年齢別疾病・異常被患率等_男女計_結核_幼稚園_5歳","％","","","","","","","","","","","","","","","","","","","","","","","","","","","…","…","…","…","1.0"
"年齢別疾病・異常被患率等_男女計_結核_小学校_6歳","％","","","","","","","","","","","","","","","","","","","","","","","","","","","－","－","－","0.1","1.0"
"年齢別疾病・異常被患率等_男女計_結核_小学校_7歳","％","","","","","","","","","","","","","","","","","","","","","","","","","","","－","－","－","－","1.0"
"年齢別疾病・異常被患率等_男女計_結核_小学校_8歳","％","","","","","","","","","","","","","","","","","","","","","","","","","","","－","0.0","－","－","1.0"
"年齢別疾病・異常被患率等_男女計_結核_小学校_9歳","％","","","","","","","","","","","","","","","","","","","","","","","","","","","－","－","－","－","1.0"
"年齢別疾病・異常被患率等_男女計_結核_小学校_10歳","％","","","","","","","","","","","","","","","","","","","","","","","","","","","－","0.0","－","－","1.0"
"年齢別疾病・異常被患率等_男女計_結核_小学校_11歳","％","","","","","","","","","","","","","","","","","","","","","","","","","","","－","0.0","－","－","1.0"
"年齢別疾病・異常被患率等_男女計_結核_中学校_12歳","％","","","","","","","","","","","","","","","","","","","","","","","","","","","0.03","－","－","－","1.0"
"年齢別疾病・異常被患率等_男女計_結核_中学校_13歳","％","","","","","","","","","","","","","","","","","","","","","","","","","","","－","－","－","－","1.0"
"年齢別疾病・異常被患率等_男女計_結核_中学校_14歳","％","","","","","","","","","","","","","","","","","","","","","","","","","","","－","－","－","－","1.0"
"年齢別疾病・異常被患率等_男女計_結核_高等学校_15歳","％","","","","","","","","","","","","","","","","","","","","","","","","","","","0.03","0.0","0.0","0.0","1.0"
"年齢別疾病・異常被患率等_男女計_結核_高等学校_16歳","％","","","","","","","","","","","","","","","","","","","","","","","","","","","…","…","…","…","1.0"
"年齢別疾病・異常被患率等_男女計_結核_高等学校_17歳","％","","","","","","","","","","","","","","","","","","","","","","","","","","","…","…","…","…","1.0"
"","","","","","","","","","","","","","","","","","","","","","","","","","","","","","","","",""
"年齢別疾病・異常被患率等_男女計_心臓の疾病・異常_幼稚園_5歳","％","","","","","","","","","","","","","","","","","","","","","","","","","","","0.1","0.4","0.4","0.3","1.0"
"年齢別疾病・異常被患率等_男女計_心臓の疾病・異常_小学校_6歳","％","","","","","","","","","","","","","","","","","","","","","","","","","","","1.4","1.3","1.4","1.2","1.0"
"年齢別疾病・異常被患率等_男女計_心臓の疾病・異常_小学校_7歳","％","","","","","","","","","","","","","","","","","","","","","","","","","","","1.5","0.8","0.8","0.5","1.0"
"年齢別疾病・異常被患率等_男女計_心臓の疾病・異常_小学校_8歳","％","","","","","","","","","","","","","","","","","","","","","","","","","","","1.3","0.7","0.5","0.7","1.0"
"年齢別疾病・異常被患率等_男女計_心臓の疾病・異常_小学校_9歳","％","","","","","","","","","","","","","","","","","","","","","","","","","","","1.7","0.7","0.5","0.6","1.0"
"年齢別疾病・異常被患率等_男女計_心臓の疾病・異常_小学校_10歳","％","","","","","","","","","","","","","","","","","","","","","","","","","","","2.2","1.0","0.9","0.7","1.0"
"年齢別疾病・異常被患率等_男女計_心臓の疾病・異常_小学校_11歳","％","","","","","","","","","","","","","","","","","","","","","","","","","","","1.6","0.8","0.6","0.7","1.0"
"年齢別疾病・異常被患率等_男女計_心臓の疾病・異常_中学校_12歳","％","","","","","","","","","","","","","","","","","","","","","","","","","","","0.5","0.5","0.6","0.9","1.0"
"年齢別疾病・異常被患率等_男女計_心臓の疾病・異常_中学校_13歳","％","","","","","","","","","","","","","","","","","","","","","","","","","","","0.6","1.0","0.5","0.8","1.0"
"年齢別疾病・異常被患率等_男女計_心臓の疾病・異常_中学校_14歳","％","","","","","","","","","","","","","","","","","","","","","","","","","","","0.6","0.8","1.6","0.8","1.0"
"年齢別疾病・異常被患率等_男女計_心臓の疾病・異常_高等学校_15歳","％","","","","","","","","","","","","","","","","","","","","","","","","","","","0.4","0.8","0.4","0.8","1.0"
"年齢別疾病・異常被患率等_男女計_心臓の疾病・異常_高等学校_16歳","％","","","","","","","","","","","","","","","","","","","","","","","","","","","0.5","0.7","0.3","1.0","1.0"
"年齢別疾病・異常被患率等_男女計_心臓の疾病・異常_高等学校_17歳","％","","","","","","","","","","","","","","","","","","","","","","","","","","","0.6","0.7","0.5","0.8","1.0"
"","","","","","","","","","","","","","","","","","","","","","","","","","","","","","","","",""
"年齢別疾病・異常被患率等_男女計_心電図異常_幼稚園_5歳","％","","","","","","","","","","","","","","","","","","","","","","","","","","","…","…","…","…","1.0"
"年齢別疾病・異常被患率等_男女計_心電図異常_小学校_6歳","％","","","","","","","","","","","","","","","","","","","","","","","","","","","2.9","5.8","1.5","2.6","1.0"
"年齢別疾病・異常被患率等_男女計_心電図異常_小学校_7歳","％","","","","","","","","","","","","","","","","","","","","","","","","","","","…","…","…","…","1.0"
"年齢別疾病・異常被患率等_男女計_心電図異常_小学校_8歳","％","","","","","","","","","","","","","","","","","","","","","","","","","","","…","…","…","…","1.0"
"年齢別疾病・異常被患率等_男女計_心電図異常_小学校_9歳","％","","","","","","","","","","","","","","","","","","","","","","","","","","","…","…","…","…","1.0"
"年齢別疾病・異常被患率等_男女計_心電図異常_小学校_10歳","％","","","","","","","","","","","","","","","","","","","","","","","","","","","…","…","…","…","1.0"
"年齢別疾病・異常被患率等_男女計_心電図異常_小学校_11歳","％","","","","","","","","","","","","","","","","","","","","","","","","","","","…","…","…","…","1.0"
"年齢別疾病・異常被患率等_男女計_心電図異常_中学校_12歳","％","","","","","","","","","","","","","","","","","","","","","","","","","","","3.6","3.1","3.2","2.3","1.0"
"年齢別疾病・異常被患率等_男女計_心電図異常_中学校_13歳","％","","","","","","","","","","","","","","","","","","","","","","","","","","","…","…","…","…","1.0"
"年齢別疾病・異常被患率等_男女計_心電図異常_中学校_14歳","％","","","","","","","","","","","","","","","","","","","","","","","","","","","…","…","…","…","1.0"
"年齢別疾病・異常被患率等_男女計_心電図異常_高等学校_15歳","％","","","","","","","","","","","","","","","","","","","","","","","","","","","3.5","2.7","3.9","4.7","1.0"
"年齢別疾病・異常被患率等_男女計_心電図異常_高等学校_16歳","％","","","","","","","","","","","","","","","","","","","","","","","","","","","…","…","…","…","1.0"
"年齢別疾病・異常被患率等_男女計_心電図異常_高等学校_17歳","％","","","","","","","","","","","","","","","","","","","","","","","","","","","…","…","…","…","1.0"
"","","","","","","","","","","","","","","","","","","","","","","","","","","","","","","","",""
"年齢別疾病・異常被患率等_男女計_蛋白検出の者_幼稚園_5歳","％","","","","","","","","","","","","","","","","","","","","","","","","","","","1.6","0.9","0.9","0.9","1.0"
"年齢別疾病・異常被患率等_男女計_蛋白検出の者_小学校_6歳","％","","","","","","","","","","","","","","","","","","","","","","","","","","","2.2","0.7","0.9","1.0","1.0"
"年齢別疾病・異常被患率等_男女計_蛋白検出の者_小学校_7歳","％","","","","","","","","","","","","","","","","","","","","","","","","","","","2.0","1.7","0.8","0.9","1.0"
"年齢別疾病・異常被患率等_男女計_蛋白検出の者_小学校_8歳","％","","","","","","","","","","","","","","","","","","","","","","","","","","","1.6","1.4","2.3","1.3","1.0"
"年齢別疾病・異常被患率等_男女計_蛋白検出の者_小学校_9歳","％","","","","","","","","","","","","","","","","","","","","","","","","","","","2.0","1.3","1.2","1.0","1.0"
"年齢別疾病・異常被患率等_男女計_蛋白検出の者_小学校_10歳","％","","","","","","","","","","","","","","","","","","","","","","","","","","","2.5","1.9","2.0","2.3","1.0"
"年齢別疾病・異常被患率等_男女計_蛋白検出の者_小学校_11歳","％","","","","","","","","","","","","","","","","","","","","","","","","","","","3.4","3.2","2.4","3.2","1.0"
"年齢別疾病・異常被患率等_男女計_蛋白検出の者_中学校_12歳","％","","","","","","","","","","","","","","","","","","","","","","","","","","","3.8","3.6","2.7","3.9","1.0"
"年齢別疾病・異常被患率等_男女計_蛋白検出の者_中学校_13歳","％","","","","","","","","","","","","","","","","","","","","","","","","","","","4.8","4.7","2.6","4.7","1.0"
"年齢別疾病・異常被患率等_男女計_蛋白検出の者_中学校_14歳","％","","","","","","","","","","","","","","","","","","","","","","","","","","","5.3","4.5","2.8","4.4","1.0"
"年齢別疾病・異常被患率等_男女計_蛋白検出の者_高等学校_15歳","％","","","","","","","","","","","","","","","","","","","","","","","","","","","4.0","3.2","3.7","4.4","1.0"
"年齢別疾病・異常被患率等_男女計_蛋白検出の者_高等学校_16歳","％","","","","","","","","","","","","","","","","","","","","","","","","","","","3.2","2.8","2.7","3.0","1.0"
"年齢別疾病・異常被患率等_男女計_蛋白検出の者_高等学校_17歳","％","","","","","","","","","","","","","","","","","","","","","","","","","","","3.1","2.0","2.6","3.3","1.0"
"","","","","","","","","","","","","","","","","","","","","","","","","","","","","","","","",""
"年齢別疾病・異常被患率等_男女計_尿糖検出の者_幼稚園_5歳","％","","","","","","","","","","","","","","","","","","","","","","","","","","","…","…","…","…","1.0"
"年齢別疾病・異常被患率等_男女計_尿糖検出の者_小学校_6歳","％","","","","","","","","","","","","","","","","","","","","","","","","","","","0.1","0.0","0.1","0.0","1.0"
"年齢別疾病・異常被患率等_男女計_尿糖検出の者_小学校_7歳","％","","","","","","","","","","","","","","","","","","","","","","","","","","","0.0","0.1","0.1","0.2","1.0"
"年齢別疾病・異常被患率等_男女計_尿糖検出の者_小学校_8歳","％","","","","","","","","","","","","","","","","","","","","","","","","","","","0.1","0.1","0.0","0.0","1.0"
"年齢別疾病・異常被患率等_男女計_尿糖検出の者_小学校_9歳","％","","","","","","","","","","","","","","","","","","","","","","","","","","","0.1","0.1","0.2","0.1","1.0"
"年齢別疾病・異常被患率等_男女計_尿糖検出の者_小学校_10歳","％","","","","","","","","","","","","","","","","","","","","","","","","","","","0.1","0.1","0.1","0.0","1.0"
"年齢別疾病・異常被患率等_男女計_尿糖検出の者_小学校_11歳","％","","","","","","","","","","","","","","","","","","","","","","","","","","","0.3","0.1","0.4","0.1","1.0"
"年齢別疾病・異常被患率等_男女計_尿糖検出の者_中学校_12歳","％","","","","","","","","","","","","","","","","","","","","","","","","","","","0.0","0.2","0.2","0.1","1.0"
"年齢別疾病・異常被患率等_男女計_尿糖検出の者_中学校_13歳","％","","","","","","","","","","","","","","","","","","","","","","","","","","","0.1","0.4","0.1","0.2","1.0"
"年齢別疾病・異常被患率等_男女計_尿糖検出の者_中学校_14歳","％","","","","","","","","","","","","","","","","","","","","","","","","","","","0.2","0.1","0.4","0.3","1.0"
"年齢別疾病・異常被患率等_男女計_尿糖検出の者_高等学校_15歳","％","","","","","","","","","","","","","","","","","","","","","","","","","","","0.3","0.3","0.4","0.5","1.0"
"年齢別疾病・異常被患率等_男女計_尿糖検出の者_高等学校_16歳","％","","","","","","","","","","","","","","","","","","","","","","","","","","","0.3","0.2","0.6","0.4","1.0"
"年齢別疾病・異常被患率等_男女計_尿糖検出の者_高等学校_17歳","％","","","","","","","","","","","","","","","","","","","","","","","","","","","0.3","0.4","0.6","0.3","1.0"
"","","","","","","","","","","","","","","","","","","","","","","","","","","","","","","","",""
"年齢別疾病・異常被患率等_男女計_寄生虫卵保有者_幼稚園_5歳","％","","","","","","","","","","","","","","","","","","","","","","","","","","","0.1","0.1","0.1","-","1.0"
"年齢別疾病・異常被患率等_男女計_寄生虫卵保有者_小学校_6歳","％","","","","","","","","","","","","","","","","","","","","","","","","","","","0.5","0.4","0.3","0.5","1.0"
"年齢別疾病・異常被患率等_男女計_寄生虫卵保有者_小学校_7歳","％","","","","","","","","","","","","","","","","","","","","","","","","","","","0.2","0.3","0.3","0.2","1.0"
"年齢別疾病・異常被患率等_男女計_寄生虫卵保有者_小学校_8歳","％","","","","","","","","","","","","","","","","","","","","","","","","","","","0.3","0.3","0.3","0.2","1.0"
"年齢別疾病・異常被患率等_男女計_寄生虫卵保有者_小学校_9歳","％","","","","","","","","","","","","","","","","","","","","","","","","","","","…","…","…","…","1.0"
"年齢別疾病・異常被患率等_男女計_寄生虫卵保有者_小学校_10歳","％","","","","","","","","","","","","","","","","","","","","","","","","","","","…","…","…","…","1.0"
"年齢別疾病・異常被患率等_男女計_寄生虫卵保有者_小学校_11歳","％","","","","","","","","","","","","","","","","","","","","","","","","","","","…","…","…","…","1.0"
"年齢別疾病・異常被患率等_男女計_寄生虫卵保有者_中学校_12歳","％","","","","","","","","","","","","","","","","","","","","","","","","","","","…","…","…","…","1.0"
"年齢別疾病・異常被患率等_男女計_寄生虫卵保有者_中学校_13歳","％","","","","","","","","","","","","","","","","","","","","","","","","","","","…","…","…","…","1.0"
"年齢別疾病・異常被患率等_男女計_寄生虫卵保有者_中学校_14歳","％","","","","","","","","","","","","","","","","","","","","","","","","","","","…","…","…","…","1.0"
"年齢別疾病・異常被患率等_男女計_寄生虫卵保有者_高等学校_15歳","％","","","","","","","","","","","","","","","","","","","","","","","","","","","…","…","…","…","1.0"
"年齢別疾病・異常被患率等_男女計_寄生虫卵保有者_高等学校_16歳","％","","","","","","","","","","","","","","","","","","","","","","","","","","","…","…","…","…","1.0"
"年齢別疾病・異常被患率等_男女計_寄生虫卵保有者_高等学校_17歳","％","","","","","","","","","","","","","","","","","","","","","","","","","","","…","…","…","…","1.0"
"","","","","","","","","","","","","","","","","","","","","","","","","","","","","","","","",""
"年齢別疾病・異常被患率等_男女計_ぜん息_幼稚園_5歳","％","","","","","","","","","","","","","","","","","","","","","","","","","","","1.0","1.6","5.6","2.3","1.0"
"年齢別疾病・異常被患率等_男女計_ぜん息_小学校_6歳","％","","","","","","","","","","","","","","","","","","","","","","","","","","","1.7","2.0","1.1","1.7","1.0"
"年齢別疾病・異常被患率等_男女計_ぜん息_小学校_7歳","％","","","","","","","","","","","","","","","","","","","","","","","","","","","2.9","2.4","1.0","1.7","1.0"
"年齢別疾病・異常被患率等_男女計_ぜん息_小学校_8歳","％","","","","","","","","","","","","","","","","","","","","","","","","","","","1.8","2.0","1.5","2.2","1.0"
"年齢別疾病・異常被患率等_男女計_ぜん息_小学校_9歳","％","","","","","","","","","","","","","","","","","","","","","","","","","","","1.9","1.6","2.1","2.7","1.0"
"年齢別疾病・異常被患率等_男女計_ぜん息_小学校_10歳","％","","","","","","","","","","","","","","","","","","","","","","","","","","","1.3","1.4","1.1","1.5","1.0"
"年齢別疾病・異常被患率等_男女計_ぜん息_小学校_11歳","％","","","","","","","","","","","","","","","","","","","","","","","","","","","2.1","0.8","1.5","1.6","1.0"
"年齢別疾病・異常被患率等_男女計_ぜん息_中学校_12歳","％","","","","","","","","","","","","","","","","","","","","","","","","","","","1.5","1.5","1.4","2.3","1.0"
"年齢別疾病・異常被患率等_男女計_ぜん息_中学校_13歳","％","","","","","","","","","","","","","","","","","","","","","","","","","","","0.9","1.2","0.7","2.0","1.0"
"年齢別疾病・異常被患率等_男女計_ぜん息_中学校_14歳","％","","","","","","","","","","","","","","","","","","","","","","","","","","","1.2","1.2","1.0","1.3","1.0"
"年齢別疾病・異常被患率等_男女計_ぜん息_高等学校_15歳","％","","","","","","","","","","","","","","","","","","","","","","","","","","","0.5","0.7","0.7","1.0","1.0"
"年齢別疾病・異常被患率等_男女計_ぜん息_高等学校_16歳","％","","","","","","","","","","","","","","","","","","","","","","","","","","","0.4","0.8","0.8","2.0","1.0"
"年齢別疾病・異常被患率等_男女計_ぜん息_高等学校_17歳","％","","","","","","","","","","","","","","","","","","","","","","","","","","","0.5","0.7","1.1","1.4","1.0"
"","","","","","","","","","","","","","","","","","","","","","","","","","","","","","","","",""
"年齢別疾病・異常被患率等_男女計_腎臓疾患_幼稚園_5歳","％","","","","","","","","","","","","","","","","","","","","","","","","","","","0.1","－","－","－","1.0"
"年齢別疾病・異常被患率等_男女計_腎臓疾患_小学校_6歳","％","","","","","","","","","","","","","","","","","","","","","","","","","","","－","0.0","0.0","0.1","1.0"
"年齢別疾病・異常被患率等_男女計_腎臓疾患_小学校_7歳","％","","","","","","","","","","","","","","","","","","","","","","","","","","","0.0","0.1","0.1","0.0","1.0"
"年齢別疾病・異常被患率等_男女計_腎臓疾患_小学校_8歳","％","","","","","","","","","","","","","","","","","","","","","","","","","","","0.0","0.1","0.1","0.0","1.0"
"年齢別疾病・異常被患率等_男女計_腎臓疾患_小学校_9歳","％","","","","","","","","","","","","","","","","","","","","","","","","","","","0.0","0.1","0.0","0.1","1.0"
"年齢別疾病・異常被患率等_男女計_腎臓疾患_小学校_10歳","％","","","","","","","","","","","","","","","","","","","","","","","","","","","0.0","0.1","0.0","0.1","1.0"
"年齢別疾病・異常被患率等_男女計_腎臓疾患_小学校_11歳","％","","","","","","","","","","","","","","","","","","","","","","","","","","","0.1","0.0","0.0","0.1","1.0"
"年齢別疾病・異常被患率等_男女計_腎臓疾患_中学校_12歳","％","","","","","","","","","","","","","","","","","","","","","","","","","","","0.1","0.0","0.1","0.1","1.0"
"年齢別疾病・異常被患率等_男女計_腎臓疾患_中学校_13歳","％","","","","","","","","","","","","","","","","","","","","","","","","","","","0.1","0.1","0.1","0.1","1.0"
"年齢別疾病・異常被患率等_男女計_腎臓疾患_中学校_14歳","％","","","","","","","","","","","","","","","","","","","","","","","","","","","0.1","0.1","0.0","0.2","1.0"
"年齢別疾病・異常被患率等_男女計_腎臓疾患_高等学校_15歳","％","","","","","","","","","","","","","","","","","","","","","","","","","","","0.1","0.1","0.3","0.2","1.0"
"年齢別疾病・異常被患率等_男女計_腎臓疾患_高等学校_16歳","％","","","","","","","","","","","","","","","","","","","","","","","","","","","0.1","0.1","0.4","0.3","1.0"
"年齢別疾病・異常被患率等_男女計_腎臓疾患_高等学校_17歳","％","","","","","","","","","","","","","","","","","","","","","","","","","","","0.1","0.3","0.1","0.2","1.0"
"","","","","","","","","","","","","","","","","","","","","","","","","","","","","","","","",""
"年齢別疾病・異常被患率等_男女計_言語障害_幼稚園_5歳","％","","","","","","","","","","","","","","","","","","","","","","","","","","","0.6","0.3","1.2","0.2","1.0"
"年齢別疾病・異常被患率等_男女計_言語障害_小学校_6歳","％","","","","","","","","","","","","","","","","","","","","","","","","","","","0.2","0.3","0.2","0.2","1.0"
"年齢別疾病・異常被患率等_男女計_言語障害_小学校_7歳","％","","","","","","","","","","","","","","","","","","","","","","","","","","","0.1","0.2","0.1","0.1","1.0"
"年齢別疾病・異常被患率等_男女計_言語障害_小学校_8歳","％","","","","","","","","","","","","","","","","","","","","","","","","","","","0.1","0.2","0.1","0.3","1.0"
"年齢別疾病・異常被患率等_男女計_言語障害_小学校_9歳","％","","","","","","","","","","","","","","","","","","","","","","","","","","","－","0.0","0.1","0.1","1.0"
"年齢別疾病・異常被患率等_男女計_言語障害_小学校_10歳","％","","","","","","","","","","","","","","","","","","","","","","","","","","","0.2","0.1","0.1","0.2","1.0"
"年齢別疾病・異常被患率等_男女計_言語障害_小学校_11歳","％","","","","","","","","","","","","","","","","","","","","","","","","","","","0.1","0.1","0.1","0.1","1.0"
"年齢別疾病・異常被患率等_男女計_言語障害_中学校_12歳","％","","","","","","","","","","","","","","","","","","","","","","","","","","","0.1","0.1","0.0","0.0","1.0"
"年齢別疾病・異常被患率等_男女計_言語障害_中学校_13歳","％","","","","","","","","","","","","","","","","","","","","","","","","","","","0.2","0.0","－","0.1","1.0"
"年齢別疾病・異常被患率等_男女計_言語障害_中学校_14歳","％","","","","","","","","","","","","","","","","","","","","","","","","","","","0.1","0.1","0.1","－","1.0"
"年齢別疾病・異常被患率等_男女計_言語障害_高等学校_15歳","％","","","","","","","","","","","","","","","","","","","","","","","","","","","0.0","－","0.0","0.1","1.0"
"年齢別疾病・異常被患率等_男女計_言語障害_高等学校_16歳","％","","","","","","","","","","","","","","","","","","","","","","","","","","","0.0","－","0.0","0.3","1.0"
"年齢別疾病・異常被患率等_男女計_言語障害_高等学校_17歳","％","","","","","","","","","","","","","","","","","","","","","","","","","","","0.0","－","0.0","0.1","1.0"
"","","","","","","","","","","","","","","","","","","","","","","","","","","","","","","","",""
"年齢別疾病・異常被患率等_男女計_上記以外のその他の疾病・異常_幼稚園_5歳","％","","","","","","","","","","","","","","","","","","","","","","","","","","","0.3","0.9","0.8","1.1","1.0"
"年齢別疾病・異常被患率等_男女計_上記以外のその他の疾病・異常_小学校_6歳","％","","","","","","","","","","","","","","","","","","","","","","","","","","","0.4","0.4","0.4","0.6","1.0"
"年齢別疾病・異常被患率等_男女計_上記以外のその他の疾病・異常_小学校_7歳","％","","","","","","","","","","","","","","","","","","","","","","","","","","","0.6","0.7","0.5","0.7","1.0"
"年齢別疾病・異常被患率等_男女計_上記以外のその他の疾病・異常_小学校_8歳","％","","","","","","","","","","","","","","","","","","","","","","","","","","","0.7","0.7","0.4","0.5","1.0"
"年齢別疾病・異常被患率等_男女計_上記以外のその他の疾病・異常_小学校_9歳","％","","","","","","","","","","","","","","","","","","","","","","","","","","","0.6","0.6","0.6","0.4","1.0"
"年齢別疾病・異常被患率等_男女計_上記以外のその他の疾病・異常_小学校_10歳","％","","","","","","","","","","","","","","","","","","","","","","","","","","","0.4","0.9","0.4","0.9","1.0"
"年齢別疾病・異常被患率等_男女計_上記以外のその他の疾病・異常_小学校_11歳","％","","","","","","","","","","","","","","","","","","","","","","","","","","","0.5","0.5","0.8","1.0","1.0"
"年齢別疾病・異常被患率等_男女計_上記以外のその他の疾病・異常_中学校_12歳","％","","","","","","","","","","","","","","","","","","","","","","","","","","","0.3","1.5","1.3","1.2","1.0"
"年齢別疾病・異常被患率等_男女計_上記以外のその他の疾病・異常_中学校_13歳","％","","","","","","","","","","","","","","","","","","","","","","","","","","","0.3","1.3","0.7","0.8","1.0"
"年齢別疾病・異常被患率等_男女計_上記以外のその他の疾病・異常_中学校_14歳","％","","","","","","","","","","","","","","","","","","","","","","","","","","","0.6","0.8","0.7","0.6","1.0"
"年齢別疾病・異常被患率等_男女計_上記以外のその他の疾病・異常_高等学校_15歳","％","","","","","","","","","","","","","","","","","","","","","","","","","","","0.7","1.2","0.8","0.8","1.0"
"年齢別疾病・異常被患率等_男女計_上記以外のその他の疾病・異常_高等学校_16歳","％","","","","","","","","","","","","","","","","","","","","","","","","","","","0.5","1.0","0.8","0.8","1.0"
"年齢別疾病・異常被患率等_男女計_上記以外のその他の疾病・異常_高等学校_17歳","％","","","","","","","","","","","","","","","","","","","","","","","","","","","0.3","0.9","0.8","1.2","1.0"
"","","","","","","","","","","","","","","","","","","","","","","","","","","","","","","","",""
"年齢別疾病・異常被患率等_男女計_肥満傾向児の出現率_幼稚園_5歳","％","","","","","","","","","","","","","","","","","","","","","","","","","","","2.79","1.81","2.33","3.0","1.0"
"年齢別疾病・異常被患率等_男女計_肥満傾向児の出現率_小学校_6歳","％","","","","","","","","","","","","","","","","","","","","","","","","","","","5.46","4.57","4.15","4.46","1.0"
"年齢別疾病・異常被患率等_男女計_肥満傾向児の出現率_小学校_7歳","％","","","","","","","","","","","","","","","","","","","","","","","","","","","4.92","5.83","6.74","6.47","1.0"
"年齢別疾病・異常被患率等_男女計_肥満傾向児の出現率_小学校_8歳","％","","","","","","","","","","","","","","","","","","","","","","","","","","","9.09","8.02","8.3","6.69","1.0"
"年齢別疾病・異常被患率等_男女計_肥満傾向児の出現率_小学校_9歳","％","","","","","","","","","","","","","","","","","","","","","","","","","","","9.39","9.52","8.81","8.72","1.0"
"年齢別疾病・異常被患率等_男女計_肥満傾向児の出現率_小学校_10歳","％","","","","","","","","","","","","","","","","","","","","","","","","","","","10.77","11.95","11.08","9.3","1.0"
"年齢別疾病・異常被患率等_男女計_肥満傾向児の出現率_小学校_11歳","％","","","","","","","","","","","","","","","","","","","","","","","","","","","13.11","10.29","10.44","7.85","1.0"
"年齢別疾病・異常被患率等_男女計_肥満傾向児の出現率_中学校_12歳","％","","","","","","","","","","","","","","","","","","","","","","","","","","","11.53","10.93","11.41","9.87","1.0"
"年齢別疾病・異常被患率等_男女計_肥満傾向児の出現率_中学校_13歳","％","","","","","","","","","","","","","","","","","","","","","","","","","","","11.48","10.18","11.08","9.63","1.0"
"年齢別疾病・異常被患率等_男女計_肥満傾向児の出現率_中学校_14歳","％","","","","","","","","","","","","","","","","","","","","","","","","","","","10.74","10.27","10.25","10.93","1.0"
"年齢別疾病・異常被患率等_男女計_肥満傾向児の出現率_高等学校_15歳","％","","","","","","","","","","","","","","","","","","","","","","","","","","","13.0","12.6","11.54","11.97","1.0"
"年齢別疾病・異常被患率等_男女計_肥満傾向児の出現率_高等学校_16歳","％","","","","","","","","","","","","","","","","","","","","","","","","","","","12.63","11.16","11.55","11.3","1.0"
"年齢別疾病・異常被患率等_男女計_肥満傾向児の出現率_高等学校_17歳","％","","","","","","","","","","","","","","","","","","","","","","","","","","","13.64","12.58","12.78","9.67","1.0"
"","","","","","","","","","","","","","","","","","","","","","","","","","","","","","","","",""
"年齢別疾病・異常被患率等_男女計_痩身傾向児の出現率_幼稚園_5歳","％","","","","","","","","","","","","","","","","","","","","","","","","","","","0.27","0.23","0.13","0.33","1.0"
"年齢別疾病・異常被患率等_男女計_痩身傾向児の出現率_小学校_6歳","％","","","","","","","","","","","","","","","","","","","","","","","","","","","0.74","0.42","0.26","0.08","1.0"
"年齢別疾病・異常被患率等_男女計_痩身傾向児の出現率_小学校_7歳","％","","","","","","","","","","","","","","","","","","","","","","","","","","","0.24","0.54","0.33","0.35","1.0"
"年齢別疾病・異常被患率等_男女計_痩身傾向児の出現率_小学校_8歳","％","","","","","","","","","","","","","","","","","","","","","","","","","","","1.03","0.93","0.86","0.99","1.0"
"年齢別疾病・異常被患率等_男女計_痩身傾向児の出現率_小学校_9歳","％","","","","","","","","","","","","","","","","","","","","","","","","","","","1.4","1.14","1.36","2.17","1.0"
"年齢別疾病・異常被患率等_男女計_痩身傾向児の出現率_小学校_10歳","％","","","","","","","","","","","","","","","","","","","","","","","","","","","2.09","1.9","2.69","2.42","1.0"
"年齢別疾病・異常被患率等_男女計_痩身傾向児の出現率_小学校_11歳","％","","","","","","","","","","","","","","","","","","","","","","","","","","","2.92","2.62","2.79","3.23","1.0"
"年齢別疾病・異常被患率等_男女計_痩身傾向児の出現率_中学校_12歳","％","","","","","","","","","","","","","","","","","","","","","","","","","","","3.85","3.36","2.36","3.01","1.0"
"年齢別疾病・異常被患率等_男女計_痩身傾向児の出現率_中学校_13歳","％","","","","","","","","","","","","","","","","","","","","","","","","","","","2.33","2.63","2.59","1.83","1.0"
"年齢別疾病・異常被患率等_男女計_痩身傾向児の出現率_中学校_14歳","％","","","","","","","","","","","","","","","","","","","","","","","","","","","2.26","2.37","1.94","1.88","1.0"
"年齢別疾病・異常被患率等_男女計_痩身傾向児の出現率_高等学校_15歳","％","","","","","","","","","","","","","","","","","","","","","","","","","","","1.58","2.36","2.65","2.78","1.0"
"年齢別疾病・異常被患率等_男女計_痩身傾向児の出現率_高等学校_16歳","％","","","","","","","","","","","","","","","","","","","","","","","","","","","1.23","1.81","2.79","2.35","1.0"
"年齢別疾病・異常被患率等_男女計_痩身傾向児の出現率_高等学校_17歳","％","","","","","","","","","","","","","","","","","","","","","","","","","","","0.91","1.54","1.59","1.67","1.0"
